  {
    "pools": [
      {
        "rolls": 1,
        "entries": [
          {
            "type": "minecraft:item",
            "name": "minecraft:iron_boots",
            "functions": [
              {
                "function": "minecraft:set_name",
                "name":{"translate":"item.dawn.silver_boots","italic":false}
              },
              {
                "function": "minecraft:set_lore",
                "lore":[{"text":"silver","italic":false},{"text":"","italic":false},{"translate":"lore.dawn.quality_ordinary","color":"gray","italic":false},{"translate":"lore.dawn.strengthen_0","color":"gray","italic":false}]
              },
              {
                "function": "minecraft:set_nbt",
                "tag": "{CustomModelData:16660706,Tags:[\"dawn.armor\",\"dawn.silver\",\"quality_ordinary\",\"strengthen_0\"]}"
              },
              {
                "function": "minecraft:set_attributes",
                "modifiers": [
                  {
                    "amount": 2,
                    "name": "generic.armor",
                    "attribute": "generic.armor",
                    "operation": "addition",
                    "slot": "feet"
                  },
                  {
                    "amount": 0,
                    "name": "generic.armor_toughness",
                    "attribute": "generic.armor_toughness",
                    "operation": "addition",
                    "slot": "feet"
                  },
                  {
                    "amount": 0,
                    "name": "generic.knockback_resistance",
                    "attribute": "generic.knockback_resistance",
                    "operation": "addition",
                    "slot": "feet"
                  },
                  {
                    "amount": 0,
                    "name": "generic.movement_speed",
                    "attribute": "generic.movement_speed",
                    "operation": "addition",
                    "slot": "feet"
                  },
                  {
                    "amount": 0,
                    "name": "generic.max_health",
                    "attribute": "generic.max_health",
                    "operation": "addition",
                    "slot": "feet"
                  },
                  {
                    "amount": 0,
                    "name": "generic.luck",
                    "attribute": "generic.luck",
                    "operation": "addition",
                    "slot": "feet"
                  }
                ]
              }
            ]
          }
        ]
      }
    ]
  }