{
  "pools": [
    {
      "rolls": 1,
      "entries": [
        {
          "type": "minecraft:loot_table",
          "name": "dawn:enchanted_book/endurance",
          "weight": 10
        },
        {
          "type": "minecraft:loot_table",
          "name": "dawn:enchanted_book/free_action",
          "weight": 10
        },
        {
          "type": "minecraft:loot_table",
          "name": "dawn:enchanted_book/poison",
          "weight": 8
        },
        {
          "type": "minecraft:loot_table",
          "name": "dawn:enchanted_book/regeneration",
          "weight": 8
        },
        {
          "type": "minecraft:loot_table",
          "name": "dawn:enchanted_book/speed",
          "weight": 6
        },
        {
          "type": "minecraft:loot_table",
          "name": "dawn:enchanted_book/stun",
          "weight": 10
        },
        {
          "type": "minecraft:loot_table",
          "name": "dawn:enchanted_book/vampiric",
          "weight": 6
        },
        {
          "type": "minecraft:loot_table",
          "name": "dawn:enchanted_book/wisdom",
          "weight": 4
        },
        {
          "type": "minecraft:loot_table",
          "name": "dawn:ancient_book/ancient_book",
          "weight": 12
        },
        {
          "type": "minecraft:loot_table",
          "name": "dawn:enchanted_book/violent",
          "weight": 6
        },
        {
          "type": "minecraft:loot_table",
          "name": "dawn:enchanted_book/weave",
          "weight": 10
        },
        {
          "type": "minecraft:loot_table",
          "name": "dawn:enchanted_book/blasting",
          "weight": 3
        },
        {
          "type": "minecraft:loot_table",
          "name": "dawn:enchanted_book/momentum",
          "weight": 6
        },
        {
          "type": "minecraft:loot_table",
          "name": "dawn:enchanted_book/levitation",
          "weight": 4
        },
        {
          "type": "minecraft:loot_table",
          "name": "dawn:enchanted_book/heavy",
          "weight": 3
        },
        {
          "type": "minecraft:loot_table",
          "name": "dawn:enchanted_book/tasty",
          "weight": 3
        },
        {
          "type": "minecraft:loot_table",
          "name": "dawn:enchanted_book/anger",
          "weight": 3
        },
        {
          "type": "minecraft:loot_table",
          "name": "dawn:enchanted_book/hindsight",
          "weight": 8
        },
        {
          "type": "minecraft:loot_table",
          "name": "dawn:enchanted_book/glowing",
          "weight": 8
        },
        {
          "type": "minecraft:loot_table",
          "name": "dawn:enchanted_book/holy",
          "weight": 10
        },
        {
          "type": "minecraft:loot_table",
          "name": "dawn:enchanted_book/massacre",
          "weight": 10
        },
        {
          "type": "minecraft:loot_table",
          "name": "dawn:enchanted_book/frost",
          "weight": 8
        },
        {
          "type": "minecraft:loot_table",
          "name": "dawn:enchanted_book/emergency_rescue",
          "weight": 5
        },
        {
          "type": "minecraft:loot_table",
          "name": "dawn:enchanted_book/noble",
          "weight": 8
        },
        {
          "type": "minecraft:loot_table",
          "name": "dawn:enchanted_book/smash",
          "weight": 10
        }
      ]
    }
  ]
}