{
  "pools": [
    {
      "rolls": 1,
      "entries": [
        {
          "type": "minecraft:loot_table",
          "name": "dawn:enchanted_book/holy_1"
        },
        {
          "type": "minecraft:loot_table",
          "name": "dawn:enchanted_book/holy_2"
        },
        {
          "type": "minecraft:loot_table",
          "name": "dawn:enchanted_book/holy_3"
        },
        {
          "type": "minecraft:loot_table",
          "name": "dawn:enchanted_book/holy_4"
        },
        {
          "type": "minecraft:loot_table",
          "name": "dawn:enchanted_book/holy_5"
        }
      ]
    }
  ]
}
