{
  "pools": [
    {
      "rolls": 1,
      "entries": [
        {
          "type": "minecraft:loot_table",
          "name": "dawn:enchanted_book/massacre_1"
        },
        {
          "type": "minecraft:loot_table",
          "name": "dawn:enchanted_book/massacre_2"
        },
        {
          "type": "minecraft:loot_table",
          "name": "dawn:enchanted_book/massacre_3"
        },
        {
          "type": "minecraft:loot_table",
          "name": "dawn:enchanted_book/massacre_4"
        },
        {
          "type": "minecraft:loot_table",
          "name": "dawn:enchanted_book/massacre_5"
        }
      ]
    }
  ]
}
