{
  "pools": [
    {
      "rolls": 1,
      "entries": [
        {
          "type": "minecraft:loot_table",
          "name": "dawn:enchanted_book/noble_1"
        },
        {
          "type": "minecraft:loot_table",
          "name": "dawn:enchanted_book/noble_2"
        },
        {
          "type": "minecraft:loot_table",
          "name": "dawn:enchanted_book/noble_3"
        },
        {
          "type": "minecraft:loot_table",
          "name": "dawn:enchanted_book/noble_4"
        },
        {
          "type": "minecraft:loot_table",
          "name": "dawn:enchanted_book/noble_5"
        }
      ]
    }
  ]
}
