{
  "pools": [
    {
      "rolls": 1,
      "entries": [
        {
          "type": "minecraft:item",
          "name": "minecraft:enchanted_book",
          "functions": [
            {
              "function": "minecraft:set_lore",
              "lore": [{"translate": "enchantment.dawn.noble_2","color": "gray","italic": false}]
            },
            {
              "function": "minecraft:set_nbt",
              "tag": "{\"StoredEnchantments\":[{\"id\":\"dawn:noble\",\"lvl\":2s}]}"
            }
          ]
        }
      ]
    }
  ]
}