{
  "pools": [
    {
      "rolls": 1,
      "entries": [
        {
          "type": "minecraft:loot_table",
          "name": "dawn:enchanted_book/smash_1"
        },
        {
          "type": "minecraft:loot_table",
          "name": "dawn:enchanted_book/smash_2"
        },
        {
          "type": "minecraft:loot_table",
          "name": "dawn:enchanted_book/smash_3"
        },
        {
          "type": "minecraft:loot_table",
          "name": "dawn:enchanted_book/smash_4"
        },
        {
          "type": "minecraft:loot_table",
          "name": "dawn:enchanted_book/smash_5"
        }
      ]
    }
  ]
}
