{
  "pools": [
    {
      "rolls": 1,
      "entries": [
        {
          "type": "minecraft:loot_table",
          "name": "dawn:enchanted_book/speed_1"
        },
        {
          "type": "minecraft:loot_table",
          "name": "dawn:enchanted_book/speed_2"
        },
        {
          "type": "minecraft:loot_table",
          "name": "dawn:enchanted_book/speed_3"
        },
        {
          "type": "minecraft:loot_table",
          "name": "dawn:enchanted_book/speed_4"
        },
        {
          "type": "minecraft:loot_table",
          "name": "dawn:enchanted_book/speed_5"
        }
      ]
    }
  ]
}
