{
  "pools": [
    {
      "rolls": 1,
      "entries": [
        {
          "type": "minecraft:loot_table",
          "name": "dawn:enchanted_book/stun_1"
        },
        {
          "type": "minecraft:loot_table",
          "name": "dawn:enchanted_book/stun_2"
        },
        {
          "type": "minecraft:loot_table",
          "name": "dawn:enchanted_book/stun_3"
        },
        {
          "type": "minecraft:loot_table",
          "name": "dawn:enchanted_book/stun_4"
        },
        {
          "type": "minecraft:loot_table",
          "name": "dawn:enchanted_book/stun_5"
        }
      ]
    }
  ]
}
