{
  "pools": [
    {
      "rolls": 1,
      "entries": [
        {
          "type": "minecraft:loot_table",
          "name": "dawn:enchanted_book/vampiric_1"
        },
        {
          "type": "minecraft:loot_table",
          "name": "dawn:enchanted_book/vampiric_2"
        },
        {
          "type": "minecraft:loot_table",
          "name": "dawn:enchanted_book/vampiric_3"
        },
        {
          "type": "minecraft:loot_table",
          "name": "dawn:enchanted_book/vampiric_4"
        },
        {
          "type": "minecraft:loot_table",
          "name": "dawn:enchanted_book/vampiric_5"
        }
      ]
    }
  ]
}
