{
  "pools": [
    {
      "rolls": 1,
      "entries": [
        {
          "type": "minecraft:loot_table",
          "name": "dawn:enchanted_book/wisdom_1"
        },
        {
          "type": "minecraft:loot_table",
          "name": "dawn:enchanted_book/wisdom_2"
        },
        {
          "type": "minecraft:loot_table",
          "name": "dawn:enchanted_book/wisdom_3"
        },
        {
          "type": "minecraft:loot_table",
          "name": "dawn:enchanted_book/wisdom_4"
        }
      ]
    }
  ]
}
