{
  "pools": [
    {
      "rolls": 1,
      "entries": [
        {
          "type": "minecraft:item",
          "name": "minecraft:cookie",
          "functions": [
            {
              "function": "minecraft:set_name",
              "name":{"translate":"item.dawn.bingshuang_dan","italic":false}
            },
            {
              "function": "minecraft:set_nbt",
              "tag": "{CustomModelData:16660162}"
            },
            {
              "function": "minecraft:set_lore",
              "lore":[{"text":"高温免疫（12:00）","color":"blue","italic":false},{"text":"防火（3:00）","color":"blue","italic":false}]
            }
          ]
        }
      ]
    }
  ]
}