{
  "pools": [
    {
      "rolls": 1,
      "entries": [
        {
          "type": "minecraft:item",
          "name": "minecraft:cookie",
          "functions": [
            {
              "function": "minecraft:set_name",
              "name":{"translate":"item.dawn.dahuan_dan","italic":false}
            },
            {
              "function": "minecraft:set_nbt",
              "tag": "{CustomModelData:16660163}"
            },
            {
              "function": "minecraft:set_lore",
              "lore":[{"text":"瞬间治疗 II","color":"blue","italic":false},{"text":"饱和 VIII","color":"blue","italic":false},{"text":"生命恢复 II（0:08）","color":"blue","italic":false}]
            }
          ]
        }
      ]
    }
  ]
}