{
  "pools": [
    {
      "rolls": 1,
      "entries": [
        {
          "type": "minecraft:item",
          "name": "minecraft:cookie",
          "functions": [
            {
              "function": "minecraft:set_name",
              "name":{"translate":"item.dawn.fanming_dan","italic":false}
            },
            {
              "function": "minecraft:set_nbt",
              "tag": "{CustomModelData:16660170}"
            },
            {
              "function": "minecraft:set_lore",
              "lore":[{"text":"瞬间治疗 III","color":"blue","italic":false},{"text":"伤害吸收（0:08）","color":"blue","italic":false},{"text":"中毒（0:20）","color":"red","italic":false}]
            }
          ]
        }
      ]
    }
  ]
}