{
  "pools": [
    {
      "rolls": 1,
      "entries": [
        {
          "type": "minecraft:item",
          "name": "minecraft:cookie",
          "functions": [
            {
              "function": "minecraft:set_name",
              "name":{"translate":"item.dawn.huoxue_dan","italic":false}
            },
            {
              "function": "minecraft:set_nbt",
              "tag": "{CustomModelData:16660164}"
            },
            {
              "function": "minecraft:set_lore",
              "lore":[{"text":"兴奋（3:00）","color":"blue","italic":false},{"text":"饥饿 II（3:00）","color":"red","italic":false}]
            }
          ]
        }
      ]
    }
  ]
}