{
  "pools": [
    {
      "rolls": 1,
      "entries": [
        {
          "type": "minecraft:item",
          "name": "minecraft:cookie",
          "functions": [
            {
              "function": "minecraft:set_name",
              "name":{"translate":"item.dawn.kuangbao_dan","italic":false}
            },
            {
              "function": "minecraft:set_nbt",
              "tag": "{CustomModelData:16660172}"
            },
            {
              "function": "minecraft:set_lore",
              "lore":[{"text":"缓慢 II（3:00）","color":"red","italic":false},{"text":"虚弱 II（3:00）","color":"red","italic":false},{"text":"饥饿 IV（0:45）","color":"red","italic":false},{"text":"速度 III（2:00）","color":"blue","italic":false},{"text":"力量 IV（2:00）","color":"blue","italic":false},{"text":"伤害吸收（0:45）","color":"blue","italic":false}]
            }
          ]
        }
      ]
    }
  ]
}