{
  "pools": [
    {
      "rolls": 1,
      "entries": [
        {
          "type": "minecraft:item",
          "name": "minecraft:cookie",
          "functions": [
            {
              "function": "minecraft:set_name",
              "name":{"translate":"item.dawn.shihun_dan_big","italic":false}
            },
            {
              "function": "minecraft:set_nbt",
              "tag": "{CustomModelData:16660177}"
            },
            {
              "function": "minecraft:set_lore",
              "lore":[{"text":"噬魂 II（1:30）","color":"blue","italic":false},{"text":"力量（1:30）","color":"blue","italic":false},{"text":"凋零（1:30）","color":"red","italic":false}]
            }
          ]
        }
      ]
    }
  ]
}