{
  "parent": "dawn:challenge/root",
  "criteria": {
    "igloo": {
      "trigger": "minecraft:player_killed_entity",
      "conditions": {
        "entity": {
          "nbt": "{Tags:[\"piglin_tryndamere\"]}"
        }
      }
    }
  },
  "display": {
    "announce_to_chat": true,
    "description": "击败猪灵蛮王",
    "frame": "challenge",
    "hidden": false,
    "icon": {
      "item": "minecraft:iron_sword"
    },
    "show_toast": true,
    "title": "猪灵蛮王"
  },
  "rewards": {
    "experience": 600
  }
}