﻿{
  "display": {
    "icon": {
      "item": "minecraft:iron_sword"
    },
    "title": "挑战",
    "description": "击败BOSS",
    "frame": "task",
    "show_toast": false,
    "announce_to_chat": false,
    "hidden": false,
    "background": "minecraft:textures/block/oak_planks.png"
  },
  "criteria": {
    "challange": {
      "trigger": "minecraft:inventory_changed",
      "conditions": {
        "items": [
          {
            "items": [
              "minecraft:iron_sword"
            ]
          }
        ]
      }
    }
  }
}