  {
    "pools": [
      {
        "rolls": 1,
        "entries": [
          {
            "type": "minecraft:item",
            "name": "minecraft:item_frame",
            "functions": [
              {
                "function": "minecraft:set_name",
                "name":{"translate":"item.dawn.crafting_table.flint","italic":false}
              },
              {
                "function": "minecraft:set_nbt",
                "tag": "{CustomModelData:16660009,EntityTag:{Item:{id:\"minecraft:item_frame\",Count:1b,tag:{CustomModelData:16660010}},Tags:[\"dawn.crafting_table\",\"dawn.marker\",\"dawn.flint_oak\",\"dawn.flint\"],Facing:1b,Invulnerable:1b,Invisible:1b,Fixed:1b}}"
              }
            ]
          }
        ]
      }
    ]
  }