{
  "type": "minecraft:chest",
  "pools": [
    {
      "rolls": 1.0,
      "bonus_rolls": 0.0,
      "entries": [
        {
          "type": "minecraft:loot_table",
          "name": "dawn:armor/frost/frost_boots"
        },
        {
          "type": "minecraft:loot_table",
          "name": "dawn:armor/frost/frost_chestplate"
        },
        {
          "type": "minecraft:loot_table",
          "name": "dawn:armor/frost/frost_helmet"
        },
        {
          "type": "minecraft:loot_table",
          "name": "dawn:armor/frost/frost_leggings"
        },
        {
          "type": "minecraft:loot_table",
          "name": "dawn:weapon/frost_sword"
        },
        {
          "type": "minecraft:loot_table",
          "name": "dawn:special/frost_staves"
        },
        {
          "type": "minecraft:loot_table",
          "name": "dawn:special/summon_staves",
          "weight": 2
        }
      ]
    },
    {
      "rolls": 9.0,
      "bonus_rolls": 0.0,
      "entries": [
        {
          "type": "minecraft:item",
          "weight": 6,
          "functions": [
            {
              "function": "minecraft:set_count",
              "count": {
                "type": "minecraft:uniform",
                "min": 1.0,
                "max": 2.0
              },
              "add": false
            }
          ],
          "name": "minecraft:blue_ice"
        },
        {
          "type": "minecraft:item",
          "weight": 5,
          "name": "minecraft:golden_apple"
        },
        {
          "type": "minecraft:loot_table",
          "weight": 4,
          "name": "dawn:ingot/frost_ingot"
        },
        {
          "type": "minecraft:item",
          "weight": 4,
          "functions": [
            {
              "function": "minecraft:set_count",
              "count": {
                "type": "minecraft:uniform",
                "min": 1.0,
                "max": 2.0
              },
              "add": false
            }
          ],
          "name": "minecraft:gold_ingot"
        },
        {
          "type": "minecraft:item",
          "weight": 3,
          "functions": [
            {
              "function": "minecraft:set_count",
              "count": {
                "type": "minecraft:uniform",
                "min": 1.0,
                "max": 2.0
              },
              "add": false
            }
          ],
          "name": "minecraft:iron_ingot"
        },
        {
          "type": "minecraft:item",
          "weight": 2,
          "functions": [
            {
              "function": "minecraft:set_count",
              "count": {
                "type": "minecraft:uniform",
                "min": 1.0,
                "max": 2.0
              },
              "add": false
            }
          ],
          "name": "minecraft:leather"
        },
        {
          "type": "minecraft:item",
          "weight": 1,
          "name": "minecraft:emerald"
        }
      ]
    }
  ]
}