  {
    "pools": [
      {
        "rolls": 1,
        "entries": [
          {
            "type": "minecraft:item",
            "name": "minecraft:filled_map",
            "functions": [
              {
                "function": "minecraft:set_name",
                "name":{"text":"远古城市探险家地图"}
              },
              {
                "function": "minecraft:exploration_map",
                "destination": "ancient_city",
                "decoration": "target_x",
                "zoom": 4,
                "search_radius": 50,
                "skip_existing_chunks": false
              }
            ]
          }
        ]
      }
    ]
  }