{
  "parent": "dawn:nether/netherrack_furnace",
  "display": {
    "icon": {
      "item": "minecraft:netherite_ingot"
    },
    "title": "最强的金属！",
    "description": "冶炼出一个艾德曼锭",
    "frame": "task",
    "show_toast": true,
    "announce_to_chat": true,
    "hidden": false
  },
  "criteria": {
    "dawn": {
      "trigger": "minecraft:inventory_changed",
      "conditions": {
        "items": [
          {
            "items": [
              "minecraft:netherite_ingot"
            ]
          }
        ]
      }
    }
  }
}