{
  "parent": "dawn:nether/netherrack_furnace",
  "display": {
    "icon": {
      "item": "minecraft:firework_star",
      "nbt": "{CustomModelData:16660107}"
    },
    "title": "高温高压",
    "description": "在聚变催化剂的帮助下，将煤炭块烧制成钻石碎片",
    "frame": "task",
    "show_toast": true,
    "announce_to_chat": true,
    "hidden": false
  },
  "criteria": {
    "dawn": {
      "trigger": "minecraft:inventory_changed",
      "conditions": {
        "items": [
          {
            "items": [
              "minecraft:enderman_spawn_egg"
            ]
          }
        ]
      }
    }
  }
}