{
  "parent": "minecraft:nether/obtain_blaze_rod",
  "display": {
    "icon": {
      "item": "minecraft:item_frame",
      "nbt": "{CustomModelData:16660042}"
    },
    "title": "最强的熔炉！",
    "description": "用8个下界砖块合成一个下界熔炉",
    "frame": "task",
    "show_toast": true,
    "announce_to_chat": true,
    "hidden": false
  },
  "criteria": {
    "dawn": {
      "trigger": "minecraft:inventory_changed",
      "conditions": {
        "items": [
          {
            "nbt": "{CustomModelData:16660042}",
            "items": [
              "minecraft:item_frame"
            ]
          }
        ]
      }
    }
  }
}