  {
    "pools": [
      {
        "rolls": 1,
        "entries": [
          {
            "type": "minecraft:item",
            "name": "minecraft:iron_helmet",
            "functions": [
              {
                "function": "minecraft:set_name",
                "name":{"translate":"item.dawn.unbreakable_helmet","italic":false}
              },
              {
                "function": "minecraft:set_lore",
                "lore":[{"text":"air","italic":false}]
              },
              {
                "function": "minecraft:set_nbt",
                "tag": "{Unbreakable:1b}"
              },
              {
                "function": "minecraft:set_attributes",
                "modifiers": [
                  {
                    "amount": 0,
                    "name": "generic.armor",
                    "attribute": "generic.armor",
                    "operation": "addition",
                    "slot": "head"
                  }
                ]
              }
            ]
          }
        ]
      }
    ]
  }