  {
    "pools": [
      {
        "rolls": 1,
        "entries": [
          {
            "type": "minecraft:item",
            "name": "minecraft:item_frame",
            "functions": [
              {
                "function": "minecraft:set_name",
                "name":{"translate":"item.dawn.forge_table.ancient_metal","italic":false}
              },
              {
                "function": "minecraft:set_nbt",
                "tag": "{CustomModelData:16660055,EntityTag:{Item:{id:\"minecraft:item_frame\",Count:1b,tag:{CustomModelData:16660056}},Tags:[\"dawn.forge_table\",\"ancient_metal_forge\",\"dawn.marker\"],Facing:1b,Invulnerable:1b,Invisible:1b,Fixed:1b}}"
              }
            ]
          }
        ]
      }
    ]
  }