  {
    "pools": [
      {
        "rolls": 1,
        "entries": [
          {
            "type": "minecraft:item",
            "name": "minecraft:item_frame",
            "functions": [
              {
                "function": "minecraft:set_name",
                "name":{"translate":"item.dawn.mithril_enchanting_table","italic":false}
              },
              {
                "function": "minecraft:set_nbt",
                "tag": "{CustomModelData:16660065,EntityTag:{Item:{id:\"minecraft:item_frame\",Count:1b,tag:{CustomModelData:16660066}},Tags:[\"dawn.enchanting_table\",\"mithril_enchanting_table\",\"dawn.marker\"],Facing:1b,Invulnerable:1b,Invisible:1b,Fixed:1b}}"
              }
            ]
          }
        ]
      }
    ]
  }