{
  "type": "minecraft:entity",
  "pools": [
    {
      "rolls": 1.0,
      "bonus_rolls": 0.0,
      "entries": [
        {
          "type": "minecraft:item",
          "functions": [
            {
              "function": "minecraft:set_count",
              "count": {
                "type": "minecraft:uniform",
                "min": 0.0,
                "max": 2.0
              },
              "add": false
            },
            {
              "function": "minecraft:looting_enchant",
              "count": {
                "type": "minecraft:uniform",
                "min": 0.0,
                "max": 1.0
              }
            }
          ],
          "conditions": [
            {
              "condition": "minecraft:killed_by_player"
            }
          ],
          "name": "minecraft:coal"
        }
      ]
    },
    {
      "rolls": 1.0,
      "bonus_rolls": 0.0,
      "entries": [
        {
          "type": "minecraft:item",
          "functions": [
            {
              "function": "minecraft:set_count",
              "count": {
                "type": "minecraft:uniform",
                "min": 1.0,
                "max": 3.0
              },
              "add": false
            },
            {
              "function": "minecraft:looting_enchant",
              "count": {
                "type": "minecraft:uniform",
                "min": 0.0,
                "max": 1.0
              }
            }
          ],
          "conditions": [
            {
              "condition": "minecraft:killed_by_player"
            }
          ],
          "name": "minecraft:bone"
        }
      ]
    },
    {
      "rolls": 1.0,
      "bonus_rolls": 0.0,
      "entries": [
        {
          "type": "minecraft:loot_table",
          "functions": [
            {
              "function": "minecraft:set_count",
              "count": {
                "type": "minecraft:uniform",
                "min": 6.0,
                "max": 9.0
              },
              "add": false
            },
            {
              "function": "minecraft:looting_enchant",
              "count": {
                "type": "minecraft:uniform",
                "min": 0.0,
                "max": 2.0
              }
            }
          ],
          "conditions": [
            {
              "condition": "minecraft:killed_by_player"
            }
          ],
          "name": "dawn:nugget/ancient_metal_nugget"
        }
      ]
    },
    {
      "bonus_rolls": 0.0,
      "conditions": [
        {
          "condition": "minecraft:killed_by_player"
        },
        {
          "chance": 0.1,
          "condition": "minecraft:random_chance_with_looting",
          "looting_multiplier": 0.05
        }
      ],
      "entries": [
        {
          "type": "minecraft:item",
          "name": "minecraft:wither_skeleton_skull"
        }
      ],
      "rolls": 1.0
    }
  ]
}