{
  "type": "minecraft:entity",
  "pools": [
    {
      "rolls": 1.0,
      "bonus_rolls": 0.0,
      "entries": [
        {
          "type": "minecraft:item",
          "functions": [
            {
              "function": "minecraft:set_count",
              "count": 6,
              "add": false
            }
          ],
          "name": "minecraft:diamond"
        }
      ],
      "conditions": [
        {
          "condition": "minecraft:killed_by_player"
        }
      ]
    },
    {
      "bonus_rolls": 0.0,
      "entries": [
        {
          "type": "minecraft:item",
          "functions": [
            {
              "function": "set_enchantments",
              "enchantments": {
                "loyalty": 3,
                "channeling": 1
              }
            }
          ],
          "name": "minecraft:trident"
        }
      ],
      "conditions": [
        {
          "condition": "minecraft:killed_by_player"
        }
      ],
      "rolls": 1
    }
  ]
}