{
  "type": "minecraft:entity",
  "pools": [
    {
      "rolls": 1.0,
      "bonus_rolls": 0.0,
      "entries": [
        {
          "type": "minecraft:item",
          "functions": [
            {
              "function": "minecraft:set_count",
              "count": {
                "type": "minecraft:uniform",
                "min": 0.0,
                "max": 1.0
              },
              "add": false
            },
            {
              "function": "minecraft:looting_enchant",
              "count": {
                "type": "minecraft:uniform",
                "min": 0.0,
                "max": 1.0
              }
            },
            {
              "function": "minecraft:set_name",
              "name":{"translate":"item.dawn.silver_wing_membrane","italic":false}
            },
            {
              "function": "minecraft:set_nbt",
              "tag": "{CustomModelData:16660201,Tags:[\"dawn.silver_nugget\"]}"
            }
          ],
          "name": "minecraft:phantom_membrane"
        }
      ],
      "conditions": [
        {
          "condition": "minecraft:killed_by_player"
        }
      ]
    }
  ]
}