{
  "type": "minecraft:entity",
  "pools": [
    {
      "rolls": 1.0,
      "bonus_rolls": 0.0,
      "entries": [
        {
          "type": "minecraft:item",
          "name": "minecraft:firework_star",
          "functions": [
            {
              "function": "minecraft:set_name",
              "name":{"text":"","italic":false}
            },
            {
              "function": "minecraft:set_nbt",
              "tag": "{CustomModelData:16660000,dawn_clear:1b,village_guard:1b}"
            }
          ]
        }
      ]
    },
    {
      "rolls": 1.0,
      "bonus_rolls": 0.0,
      "entries": [
        {
          "type": "minecraft:loot_table",
          "functions": [
            {
              "function": "minecraft:set_count",
              "count": {
                "type": "minecraft:uniform",
                "min": 0.0,
                "max": 2.0
              },
              "add": false
            },
            {
              "function": "minecraft:looting_enchant",
              "count": {
                "type": "minecraft:uniform",
                "min": 0.0,
                "max": 1.0
              }
            }
          ],
          "name": "dawn:chips/emerald_chips"
        }
      ],
      "conditions": [
        {
          "condition": "minecraft:killed_by_player"
        }
      ]
    }
  ]
}