{
  "type": "minecraft:entity",
  "pools": [
    {
      "rolls": 2.0,
      "bonus_rolls": 0.0,
      "entries": [
        {
          "type": "minecraft:loot_table",
          "name": "dawn:gem/enhanced_gem_3"
        },
        {
          "type": "minecraft:loot_table",
          "name": "dawn:gem/enhanced_gem_4"
        },
        {
          "type": "minecraft:loot_table",
          "name": "dawn:gem/enhanced_gem_5"
        },
        {
          "type": "minecraft:loot_table",
          "name": "dawn:gem/enhanced_gem_6"
        },
        {
          "type": "minecraft:loot_table",
          "name": "dawn:gem/enhanced_gem_7"
        }
      ],
      "conditions": [
        {
          "condition": "minecraft:killed_by_player"
        }
      ]
    }
  ]
}