  {
    "pools": [
      {
        "rolls": 1,
        "entries": [
          {
            "type": "minecraft:item",
            "name": "minecraft:bow",
            "functions": [
              {
                "function": "minecraft:set_name",
                "name":{"translate":"item.dawn.adamantium_bow","italic":false}
              },
              {
                "function": "minecraft:set_nbt",
                "tag": "{CustomModelData:16660618,Tags:[\"dawn.adamantium_bow\"]}"
              },
              {
                "function": "minecraft:set_lore",
                "lore": [{"translate":"item.dawn.adamantium_bow_lore","italic":false,"color": "gray"}]
              }
            ]
          }
        ]
      }
    ]
  }