{
  "parent": "dawn:dawn/copper_hoe",
  "display": {
    "icon": {
      "item": "minecraft:netherite_hoe"
    },
    "title": "终极奉献",
    "description": "制作一把艾德曼锄或振金锄，然后重新考虑你的人生抉择",
    "frame": "challenge",
    "show_toast": true,
    "announce_to_chat": true,
    "hidden": false
  },
  "rewards": {
    "experience": 100
  },
  "criteria": {
    "dawn": {
      "trigger": "minecraft:inventory_changed",
      "conditions": {
        "items": [
          {
            "items": [
              "minecraft:netherite_hoe"
            ]
          }
        ]
      }
    }
  }
}