{
  "parent": "dawn:dawn/all_iron_armor",
  "display": {
    "icon": {
      "item": "minecraft:netherite_chestplate"
    },
    "title": "主宰世界！",
    "description": "穿上整套艾德曼盔甲",
    "frame": "challenge",
    "show_toast": true,
    "announce_to_chat": true,
    "hidden": false
  },
  "criteria": {
    "dawn1": {
      "trigger": "minecraft:inventory_changed",
      "conditions": {
        "items": [
          {
            "items": [
              "minecraft:netherite_helmet"
            ]
          }
        ]
      }
    },
    "dawn2": {
      "trigger": "minecraft:inventory_changed",
      "conditions": {
        "items": [
          {
            "items": [
              "minecraft:netherite_chestplate"
            ]
          }
        ]
      }
    },
    "dawn3": {
      "trigger": "minecraft:inventory_changed",
      "conditions": {
        "items": [
          {
            "items": [
              "minecraft:netherite_boots"
            ]
          }
        ]
      }
    },
    "dawn4": {
      "trigger": "minecraft:inventory_changed",
      "conditions": {
        "items": [
          {
            "items": [
              "minecraft:netherite_leggings"
            ]
          }
        ]
      }
    }
  },
  
  "requirements": [
    [
      "dawn1"
    ],
    [
      "dawn2"
    ],
    [
      "dawn3"
    ],
    [
      "dawn4"
    ]
  ]
}