{
  "parent": "dawn:dawn/vibranium_ingot",
  "display": {
    "icon": {
      "item": "minecraft:netherite_chestplate",
      "nbt": "{CustomModelData:16660732}"
    },
    "title": "神话再临！",
    "description": "穿上整套振金盔甲",
    "frame": "challenge",
    "show_toast": true,
    "announce_to_chat": true,
    "hidden": false
  },
  "criteria": {
    "dawn1": {
      "trigger": "minecraft:inventory_changed",
      "conditions": {
        "items": [
          {
            "items": [
              "minecraft:netherite_helmet"
            ],
            "nbt": "{CustomModelData:16660733}"
          }
        ]
      }
    },
    "dawn2": {
      "trigger": "minecraft:inventory_changed",
      "conditions": {
        "items": [
          {
            "items": [
              "minecraft:netherite_chestplate"
            ],
            "nbt": "{CustomModelData:16660732}"
          }
        ]
      }
    },
    "dawn3": {
      "trigger": "minecraft:inventory_changed",
      "conditions": {
        "items": [
          {
            "items": [
              "minecraft:netherite_boots"
            ],
            "nbt": "{CustomModelData:16660731}"
          }
        ]
      }
    },
    "dawn4": {
      "trigger": "minecraft:inventory_changed",
      "conditions": {
        "items": [
          {
            "items": [
              "minecraft:netherite_leggings"
            ],
            "nbt": "{CustomModelData:16660734}"
          }
        ]
      }
    }
  },
  
  "requirements": [
    [
      "dawn1"
    ],
    [
      "dawn2"
    ],
    [
      "dawn3"
    ],
    [
      "dawn4"
    ]
  ]
}