{
  "parent": "dawn:dawn/obtain_armor",
  "display": {
    "icon": {
      "item": "minecraft:iron_chestplate"
    },
    "title": "圣斗士",
    "description": "全身穿上铁盔甲",
    "frame": "task",
    "show_toast": true,
    "announce_to_chat": true,
    "hidden": false
  },
  "criteria": {
    "dawn1": {
      "trigger": "minecraft:inventory_changed",
      "conditions": {
        "items": [
          {
            "items": [
              "minecraft:iron_helmet"
            ]
          }
        ]
      }
    },
    "dawn2": {
      "trigger": "minecraft:inventory_changed",
      "conditions": {
        "items": [
          {
            "items": [
              "minecraft:iron_chestplate"
            ]
          }
        ]
      }
    },
    "dawn3": {
      "trigger": "minecraft:inventory_changed",
      "conditions": {
        "items": [
          {
            "items": [
              "minecraft:iron_boots"
            ]
          }
        ]
      }
    },
    "dawn4": {
      "trigger": "minecraft:inventory_changed",
      "conditions": {
        "items": [
          {
            "items": [
              "minecraft:iron_leggings"
            ]
          }
        ]
      }
    }
  },
  
  "requirements": [
    [
      "dawn1"
    ],
    [
      "dawn2"
    ],
    [
      "dawn3"
    ],
    [
      "dawn4"
    ]
  ]
}