{
  "parent": "dawn:dawn/enchant_item",
  "display": {
    "icon": {
      "item": "minecraft:firework_star",
      "nbt": "{CustomModelData:16660321,Enchantments:[{}]}"
    },
    "title": "远古知识",
    "description": "用古书来强化你的附魔等级，这将消耗一次强化次数\n\n若在已附魔的武器或盔甲上叠加第二本附魔书，将会消耗两次强化次数",
    "frame": "task",
    "show_toast": true,
    "announce_to_chat": true,
    "hidden": false
  },
  "criteria": {
    "gem": {
      "trigger": "minecraft:inventory_changed",
      "conditions": {
        "items": [
          {
            "nbt": "{CustomModelData:16660321}",
            "items": [
              "minecraft:firework_star"
            ]
          }
        ]
      }
    }
  }
}