{
  "parent": "dawn:dawn/lava_bucket",
  "display": {
    "icon": {
      "item": "minecraft:firework_star",
      "nbt": "{CustomModelData:16660112}"
    },
    "title": "远古之力",
    "description": "从远古城市的宝箱中获得一个远古金属锭",
    "frame": "task",
    "show_toast": true,
    "announce_to_chat": true,
    "hidden": false
  },
  "criteria": {
    "dawn": {
      "trigger": "minecraft:inventory_changed",
      "conditions": {
        "items": [
          {
            "nbt": "{CustomModelData:16660112}",
            "items": [
              "minecraft:firework_star"
            ]
          }
        ]
      }
    }
  }
}