{
  "parent": "dawn:dawn/bone",
  "display": {
    "icon": {
      "item": "minecraft:wooden_pickaxe",
      "nbt": "{CustomModelData:16660608}"
    },
    "title": "打磨",
    "description": "用燧石和骨头制作一个骨锥来挖掘铜矿",
    "frame": "task",
    "show_toast": true,
    "announce_to_chat": true,
    "hidden": false
  },
  "criteria": {
    "dawn": {
      "trigger": "minecraft:inventory_changed",
      "conditions": {
        "items": [
          {
            "nbt": "{CustomModelData:16660608}",
            "items": [
              "minecraft:wooden_pickaxe"
            ]
          }
        ]
      }
    }
  }
}