{
  "parent": "dawn:dawn/flint",
  "display": {
    "icon": {
      "item": "minecraft:bone"
    },
    "title": "屠夫",
    "description": "获得一根骨头",
    "frame": "task",
    "show_toast": true,
    "announce_to_chat": true,
    "hidden": false
  },
  "criteria": {
    "dawn": {
      "trigger": "minecraft:inventory_changed",
      "conditions": {
        "items": [
          {
            "items": [
              "minecraft:bone"
            ]
          }
        ]
      }
    }
  }
}