{
  "parent": "dawn:dawn/smelt_iron",
  "display": {
    "icon": {
      "item": "minecraft:cauldron"
    },
    "title": "炼药时间到",
    "description": "准备一个炼药锅，用来炼制丹药，记得底下要点火~",
    "frame": "task",
    "show_toast": true,
    "announce_to_chat": true,
    "hidden": false
  },
  "criteria": {
    "dawn": {
      "trigger": "minecraft:inventory_changed",
      "conditions": {
        "items": [
          {
            "items": [
              "minecraft:cauldron"
            ]
          }
        ]
      }
    }
  }
}