{
  "parent": "dawn:dawn/root",
  "display": {
    "icon": {
      "item": "minecraft:item_frame",
      "nbt": "{CustomModelData:16660027}"
    },
    "title": "黏土工艺",
    "description": "用四个黏土块合成一个黏土熔炉",
    "frame": "task",
    "show_toast": true,
    "announce_to_chat": true,
    "hidden": false
  },
  "criteria": {
    "dawn": {
      "trigger": "minecraft:inventory_changed",
      "conditions": {
        "items": [
          {
            "nbt": "{CustomModelData:16660027}",
            "items": [
              "minecraft:item_frame"
            ]
          }
        ]
      }
    }
  }
}