{
  "parent": "dawn:dawn/copper_pickaxe",
  "display": {
    "icon": {
      "item": "minecraft:item_frame",
      "nbt": "{CustomModelData:16660036}"
    },
    "title": "温暖的炉火",
    "description": "合成一个圆石熔炉来冶炼矿石",
    "frame": "task",
    "show_toast": true,
    "announce_to_chat": true,
    "hidden": false
  },
  "criteria": {
    "dawn": {
      "trigger": "minecraft:inventory_changed",
      "conditions": {
        "items": [
          {
            "nbt": "{CustomModelData:16660036}",
            "items": [
              "minecraft:item_frame"
            ]
          }
        ]
      }
    }
  }
}