{
  "parent": "dawn:dawn/copper_crafting_table",
  "display": {
    "icon": {
      "item": "minecraft:item_frame",
      "nbt": "{CustomModelData:16660047}"
    },
    "title": "锻造大师",
    "description": "做出锻造桌来修复工具",
    "frame": "task",
    "show_toast": true,
    "announce_to_chat": true,
    "hidden": false
  },
  "criteria": {
    "dawn": {
      "trigger": "minecraft:inventory_changed",
      "conditions": {
        "items": [
          {
            "nbt": "{CustomModelData:16660047}",
            "items": [
              "minecraft:item_frame"
            ]
          }
        ]
      }
    }
  }
}