{
  "parent": "dawn:dawn/wooden_shovel",
  "display": {
    "icon": {
      "item": "minecraft:firework_star",
      "nbt": "{CustomModelData:16660100}"
    },
    "title": "贵金属",
    "description": "得到一个金属粒",
    "frame": "task",
    "show_toast": true,
    "announce_to_chat": true,
    "hidden": false
  },
  "criteria": {
    "dawn1": {
      "trigger": "minecraft:inventory_changed",
      "conditions": {
        "items": [
          {
            "nbt": "{CustomModelData:16660100}",
            "items": [
              "minecraft:firework_star"
            ]
          }
        ]
      }
    },
    "dawn2": {
      "trigger": "minecraft:inventory_changed",
      "conditions": {
        "items": [
          {
            "items": [
              "minecraft:gold_nugget"
            ]
          }
        ]
      }
    },
    "dawn3": {
      "trigger": "minecraft:inventory_changed",
      "conditions": {
        "items": [
          {
            "nbt": "{CustomModelData:16660101}",
            "items": [
              "minecraft:firework_star"
            ]
          }
        ]
      }
    },
    "dawn4": {
      "trigger": "minecraft:inventory_changed",
      "conditions": {
        "items": [
          {
            "items": [
              "minecraft:iron_nugget"
            ]
          }
        ]
      }
    }
  },
  
  "requirements": [
    [
      "dawn1",
      "dawn2",
      "dawn3",
      "dawn4"
    ]
  ]
}