{
  "parent": "dawn:dawn/copper_nuggets",
  "display": {
    "icon": {
      "item": "minecraft:firework_star",
      "nbt": "{CustomModelData:16660193}"
    },
    "title": "投币！",
    "description": "制作硬币来储存经验",
    "frame": "task",
    "show_toast": true,
    "announce_to_chat": true,
    "hidden": false
  },
  "criteria": {
    "dawn1": {
      "trigger": "minecraft:inventory_changed",
      "conditions": {
        "items": [
          {
            "nbt": "{CustomModelData:16660191}",
            "items": [
              "minecraft:firework_star"
            ]
          }
        ]
      }
    },
    "dawn2": {
      "trigger": "minecraft:inventory_changed",
      "conditions": {
        "items": [
          {
            "nbt": "{CustomModelData:16660192}",
            "items": [
              "minecraft:firework_star"
            ]
          }
        ]
      }
    },
    "dawn3": {
      "trigger": "minecraft:inventory_changed",
      "conditions": {
        "items": [
          {
            "nbt": "{CustomModelData:16660193}",
            "items": [
              "minecraft:firework_star"
            ]
          }
        ]
      }
    },
    "dawn4": {
      "trigger": "minecraft:inventory_changed",
      "conditions": {
        "items": [
          {
            "nbt": "{CustomModelData:16660194}",
            "items": [
              "minecraft:firework_star"
            ]
          }
        ]
      }
    },
    "dawn5": {
      "trigger": "minecraft:inventory_changed",
      "conditions": {
        "items": [
          {
            "nbt": "{CustomModelData:16660195}",
            "items": [
              "minecraft:firework_star"
            ]
          }
        ]
      }
    },
    "dawn6": {
      "trigger": "minecraft:inventory_changed",
      "conditions": {
        "items": [
          {
            "nbt": "{CustomModelData:16660196}",
            "items": [
              "minecraft:firework_star"
            ]
          }
        ]
      }
    },
    "dawn7": {
      "trigger": "minecraft:inventory_changed",
      "conditions": {
        "items": [
          {
            "nbt": "{CustomModelData:16660197}",
            "items": [
              "minecraft:firework_star"
            ]
          }
        ]
      }
    }
  },
  "requirements": [
    [
      "dawn1",
      "dawn2",
      "dawn3",
      "dawn4",
      "dawn5",
      "dawn6",
      "dawn7"
    ]
  ]
}