{
  "parent": "dawn:dawn/flint_axe",
  "display": {
    "icon": {
      "item": "minecraft:stone_axe",
      "nbt": "{CustomModelData:16660621}"
    },
    "title": "是斧头，也是武器",
    "description": "打造一把铜战斧",
    "frame": "task",
    "show_toast": true,
    "announce_to_chat": true,
    "hidden": false
  },
  "criteria": {
    "dawn": {
      "trigger": "minecraft:inventory_changed",
      "conditions": {
        "items": [
          {
            "nbt": "{CustomModelData:16660621}",
            "items": [
              "minecraft:stone_axe"
            ]
          }
        ]
      }
    }
  }
}