{
  "parent": "dawn:dawn/copper_crafting_table",
  "display": {
    "icon": {
      "item": "minecraft:stone_pickaxe"
    },
    "title": "下矿时间到!",
    "description": "用金属锭和木棍制造一个镐子",
    "frame": "task",
    "show_toast": true,
    "announce_to_chat": true,
    "hidden": false
  },
  "criteria": {
    "dawn1": {
      "trigger": "minecraft:inventory_changed",
      "conditions": {
        "items": [
          {
            "items": [
              "minecraft:stone_pickaxe"
            ]
          }
        ]
      }
    },
    "dawn2": {
      "trigger": "minecraft:inventory_changed",
      "conditions": {
        "items": [
          {
            "items": [
              "minecraft:golden_pickaxe"
            ]
          }
        ]
      }
    }
  },
  
  "requirements": [
    [
      "dawn1",
      "dawn2"
    ]
  ]
}