{
  "parent": "dawn:dawn/emerald_enchanting_table",
  "display": {
    "icon": {
      "item": "minecraft:enchanting_table"
    },
    "title": "更强的附魔台",
    "description": "制作一个钻石附魔台或者秘银附魔台",
    "frame": "task",
    "show_toast": true,
    "announce_to_chat": true,
    "hidden": false
  },
  "criteria": {
    "dawn1": {
      "trigger": "minecraft:inventory_changed",
      "conditions": {
        "items": [
          {
            "nbt": "{CustomModelData:16660065}",
            "items": [
              "minecraft:item_frame"
            ]
          }
        ]
      }
    },
    "dawn2": {
      "trigger": "minecraft:inventory_changed",
      "conditions": {
        "items": [
          {
            "items": [
              "minecraft:enchanting_table"
            ]
          }
        ]
      }
    }
  },
  "requirements": [
    [
      "dawn1",
      "dawn2"
    ]
  ]
}