{
  "parent": "dawn:dawn/smelt_iron",
  "display": {
    "icon": {
      "item": "minecraft:item_frame",
      "nbt": "{CustomModelData:16660063}"
    },
    "title": "附魔时间到",
    "description": "制作一个绿宝石附魔台用于附魔",
    "frame": "task",
    "show_toast": true,
    "announce_to_chat": true,
    "hidden": false
  },
  "criteria": {
    "dawn": {
      "trigger": "minecraft:inventory_changed",
      "conditions": {
        "items": [
          {
            "nbt": "{CustomModelData:16660063}",
            "items": [
              "minecraft:item_frame"
            ]
          }
        ]
      }
    }
  }
}