{
  "parent": "dawn:dawn/stick",
  "display": {
    "icon": {
      "item": "minecraft:wooden_axe",
      "nbt": "{CustomModelData:16660604}"
    },
    "title": "生存达人",
    "description": "制作一个燧石短斧或燧石小刀",
    "frame": "task",
    "show_toast": true,
    "announce_to_chat": true,
    "hidden": false
  },
  "criteria": {
    "dawn1": {
      "trigger": "minecraft:inventory_changed",
      "conditions": {
        "items": [
          {
            "nbt": "{CustomModelData:16660604}",
            "items": [
              "minecraft:wooden_axe"
            ]
          }
        ]
      }
    },
    "dawn2": {
      "trigger": "minecraft:inventory_changed",
      "conditions": {
        "items": [
          {
            "nbt": "{CustomModelData:16660605}",
            "items": [
              "minecraft:wooden_shovel"
            ]
          }
        ]
      }
    }
  },
  
  "requirements": [
    [
      "dawn1",
      "dawn2"
    ]
  ]
}