{
  "parent": "dawn:dawn/logs",
  "display": {
    "icon": {
      "item": "minecraft:item_frame",
      "nbt": "{CustomModelData:16660009}"
    },
    "title": "这是？工作台！",
    "description": "制作一个燧石工作台",
    "frame": "task",
    "show_toast": true,
    "announce_to_chat": true,
    "hidden": false
  },
  "criteria": {
    "dawn1": {
      "trigger": "minecraft:inventory_changed",
      "conditions": {
        "items": [
          {
            "nbt": "{CustomModelData:16660001}",
            "items": [
              "minecraft:item_frame"
            ]
          }
        ]
      }
    },
    "dawn2": {
      "trigger": "minecraft:inventory_changed",
      "conditions": {
        "items": [
          {
            "nbt": "{CustomModelData:16660003}",
            "items": [
              "minecraft:item_frame"
            ]
          }
        ]
      }
    },
    "dawn3": {
      "trigger": "minecraft:inventory_changed",
      "conditions": {
        "items": [
          {
            "nbt": "{CustomModelData:16660005}",
            "items": [
              "minecraft:item_frame"
            ]
          }
        ]
      }
    },
    "dawn4": {
      "trigger": "minecraft:inventory_changed",
      "conditions": {
        "items": [
          {
            "nbt": "{CustomModelData:16660007}",
            "items": [
              "minecraft:item_frame"
            ]
          }
        ]
      }
    },
    "dawn5": {
      "trigger": "minecraft:inventory_changed",
      "conditions": {
        "items": [
          {
            "nbt": "{CustomModelData:16660009}",
            "items": [
              "minecraft:item_frame"
            ]
          }
        ]
      }
    },
    "dawn6": {
      "trigger": "minecraft:inventory_changed",
      "conditions": {
        "items": [
          {
            "nbt": "{CustomModelData:166600011}",
            "items": [
              "minecraft:item_frame"
            ]
          }
        ]
      }
    }
  },
  "requirements": [
    [
      "dawn1",
      "dawn2",
      "dawn3",
      "dawn4",
      "dawn5",
      "dawn6"
    ]
  ]
}