{
  "parent": "dawn:dawn/flint_crafting_table",
  "display": {
    "icon": {
      "item": "minecraft:wooden_axe",
      "nbt": "{CustomModelData:16660603}"
    },
    "title": "伐木工",
    "description": "用燧石和木棍制作一个燧石斧",
    "frame": "task",
    "show_toast": true,
    "announce_to_chat": true,
    "hidden": false
  },
  "criteria": {
    "dawn": {
      "trigger": "minecraft:inventory_changed",
      "conditions": {
        "items": [
          {
            "nbt": "{CustomModelData:16660603}",
            "items": [
              "minecraft:wooden_axe"
            ]
          }
        ]
      }
    }
  }
}