{
  "parent": "dawn:dawn/root",
  "display": {
    "icon": {
      "item": "minecraft:flint"
    },
    "title": "燧石寻找者",
    "description": "从沙砾中找到燧石或燧石碎片",
    "frame": "task",
    "show_toast": true,
    "announce_to_chat": true,
    "hidden": false
  },
  "criteria": {
    "dawn1": {
      "trigger": "minecraft:inventory_changed",
      "conditions": {
        "items": [
          {
            "items": [
              "minecraft:flint"
            ]
          }
        ]
      }
    },
    "dawn2": {
      "trigger": "minecraft:inventory_changed",
      "conditions": {
        "items": [
          {
            "nbt": "{CustomModelData:16660105}",
            "items": [
              "minecraft:firework_star"
            ]
          }
        ]
      }
    }
  },
  "requirements": [
    [
      "dawn1",
      "dawn2"
    ]
  ]
}