{
  "parent": "dawn:dawn/iron_sword",
  "display": {
    "icon": {
      "item": "minecraft:iron_sword",
      "nbt": "{CustomModelData:16660609}"
    },
    "title": "寒霜",
    "description": "从冻尸手中夺下霜钢剑",
    "frame": "task",
    "show_toast": true,
    "announce_to_chat": true,
    "hidden": false
  },
  "criteria": {
    "dawn": {
      "trigger": "minecraft:inventory_changed",
      "conditions": {
        "items": [
          {
            "nbt": "{CustomModelData:16660609}",
            "items": [
              "minecraft:iron_sword"
            ]
          }
        ]
      }
    }
  }
}