{
  "parent": "dawn:dawn/split_zombie",
  "display": {
    "icon": {
      "item": "minecraft:firework_star",
      "nbt": "{CustomModelData:16660117}"
    },
    "title": "怎么做到的？",
    "description": "击败分裂僵尸，获取聚变催化剂",
    "frame": "task",
    "show_toast": true,
    "announce_to_chat": true,
    "hidden": false
  },
  "criteria": {
    "dawn": {
      "trigger": "minecraft:inventory_changed",
      "conditions": {
        "items": [
          {
            "nbt": "{CustomModelData:16660117}",
            "items": [
              "minecraft:firework_star"
            ]
          }
        ]
      }
    }
  }
}