{
  "parent": "dawn:dawn/gem_1",
  "display": {
    "icon": {
      "item": "minecraft:firework_star",
      "nbt": "{CustomModelData:16660127}"
    },
    "title": "精益求精",
    "description": "制作一颗更高级的强化宝石",
    "frame": "task",
    "show_toast": true,
    "announce_to_chat": true,
    "hidden": false
  },
  "criteria": {
    "dawn1": {
      "trigger": "minecraft:inventory_changed",
      "conditions": {
        "items": [
          {
            "nbt": "{CustomModelData:16660121}",
            "items": [
              "minecraft:firework_star"
            ]
          }
        ]
      }
    },
    "dawn2": {
      "trigger": "minecraft:inventory_changed",
      "conditions": {
        "items": [
          {
            "nbt": "{CustomModelData:16660122}",
            "items": [
              "minecraft:firework_star"
            ]
          }
        ]
      }
    },
    "dawn3": {
      "trigger": "minecraft:inventory_changed",
      "conditions": {
        "items": [
          {
            "nbt": "{CustomModelData:16660123}",
            "items": [
              "minecraft:firework_star"
            ]
          }
        ]
      }
    },
    "dawn4": {
      "trigger": "minecraft:inventory_changed",
      "conditions": {
        "items": [
          {
            "nbt": "{CustomModelData:16660124}",
            "items": [
              "minecraft:firework_star"
            ]
          }
        ]
      }
    },
    "dawn5": {
      "trigger": "minecraft:inventory_changed",
      "conditions": {
        "items": [
          {
            "nbt": "{CustomModelData:16660125}",
            "items": [
              "minecraft:firework_star"
            ]
          }
        ]
      }
    },
    "dawn6": {
      "trigger": "minecraft:inventory_changed",
      "conditions": {
        "items": [
          {
            "nbt": "{CustomModelData:16660126}",
            "items": [
              "minecraft:firework_star"
            ]
          }
        ]
      }
    },
    "dawn7": {
      "trigger": "minecraft:inventory_changed",
      "conditions": {
        "items": [
          {
            "nbt": "{CustomModelData:16660127}",
            "items": [
              "minecraft:firework_star"
            ]
          }
        ]
      }
    },
    "dawn8": {
      "trigger": "minecraft:inventory_changed",
      "conditions": {
        "items": [
          {
            "nbt": "{CustomModelData:16660128}",
            "items": [
              "minecraft:firework_star"
            ]
          }
        ]
      }
    }
  },
  
  "requirements": [
    [
      "dawn1",
      "dawn2",
      "dawn3",
      "dawn4",
      "dawn5",
      "dawn6",
      "dawn7",
      "dawn8"
    ]
  ]
}