{
  "parent": "dawn:dawn/copper_forge_table",
  "display": {
    "icon": {
      "item": "minecraft:firework_star",
      "nbt": "{CustomModelData:16660129}"
    },
    "title": "强化",
    "description": "制作一颗一级强化宝石来强化你的装备",
    "frame": "task",
    "show_toast": true,
    "announce_to_chat": true,
    "hidden": false
  },
  "criteria": {
    "gem": {
      "trigger": "minecraft:inventory_changed",
      "conditions": {
        "items": [
          {
            "nbt": "{CustomModelData:16660129}",
            "items": [
              "minecraft:firework_star"
            ]
          }
        ]
      }
    }
  }
}