{
  "parent": "dawn:dawn/smelt_iron",
  "display": {
    "icon": {
      "item": "minecraft:glass"
    },
    "title": "你看到什么了？",
    "description": "使用高炉来烧制玻璃",
    "frame": "task",
    "show_toast": true,
    "announce_to_chat": true,
    "hidden": false
  },
  "criteria": {
    "dawn": {
      "trigger": "minecraft:inventory_changed",
      "conditions": {
        "items": [
          {
            "items": [
              "minecraft:glass"
            ]
          }
        ]
      }
    }
  }
}