{
  "parent": "dawn:dawn/cauldron",
  "criteria": {
    "igloo": {
      "trigger": "minecraft:player_killed_entity",
      "conditions": {
        "entity": {
          "nbt": "{Tags:[\"witch_statue\"]}"
        }
      }
    }
  },
  "display": {
    "announce_to_chat": true,
    "description": "发现雪地城堡，摧毁女巫雕像",
    "frame": "challenge",
    "hidden": false,
    "icon": {
      "item": "minecraft:ice"
    },
    "show_toast": true,
    "title": "冰雪奇缘"
  },
  "rewards": {
    "experience": 200
  }
}