{
  "parent": "dawn:dawn/glass",
  "display": {
    "icon": {
      "item": "minecraft:firework_star",
      "nbt": "{CustomModelData:16660240}"
    },
    "title": "预备工作",
    "description": "制作一个空注射器",
    "frame": "task",
    "show_toast": true,
    "announce_to_chat": true,
    "hidden": false
  },
  "criteria": {
    "dawn": {
      "trigger": "minecraft:inventory_changed",
      "conditions": {
        "items": [
          {
            "nbt": "{CustomModelData:16660240}",
            "items": [
              "minecraft:firework_star"
            ]
          }
        ]
      }
    }
  }
}