{
  "parent": "dawn:dawn/injector_of_none",
  "display": {
    "icon": {
      "item": "minecraft:warped_fungus_on_a_stick",
      "nbt": "{CustomModelData:16660241}"
    },
    "title": "来一针",
    "description": "给自己注射胰岛素来降低血糖",
    "frame": "task",
    "show_toast": true,
    "announce_to_chat": true,
    "hidden": false
  },
  "criteria": {
    "dawn": {
      "trigger": "minecraft:inventory_changed",
      "conditions": {
        "items": [
          {
            "nbt": "{CustomModelData:16660241}",
            "items": [
              "minecraft:warped_fungus_on_a_stick"
            ]
          }
        ]
      }
    }
  }
}