{
  "parent": "dawn:dawn/iron_tools",
  "display": {
    "icon": {
      "item": "minecraft:iron_pickaxe",
      "nbt": "{CustomModelData:16660669}"
    },
    "title": "八十！",
    "description": "制作一把铁战锤",
    "frame": "task",
    "show_toast": true,
    "announce_to_chat": true,
    "hidden": false
  },
  "criteria": {
    "dawn": {
      "trigger": "minecraft:inventory_changed",
      "conditions": {
        "items": [
          {
            "nbt": "{CustomModelData:16660669}",
            "items": [
              "minecraft:iron_pickaxe"
            ]
          }
        ]
      }
    }
  }
}