{
  "parent": "dawn:dawn/smelt_iron",
  "display": {
    "icon": {
      "item": "minecraft:lava_bucket"
    },
    "title": {
      "translate": "advancements.story.lava_bucket.title"
    },
    "description": {
      "translate": "advancements.story.lava_bucket.description"
    },
    "frame": "task",
    "show_toast": true,
    "announce_to_chat": true,
    "hidden": false
  },
  "criteria": {
    "lava_bucket": {
      "trigger": "minecraft:inventory_changed",
      "conditions": {
        "items": [
          {
            "items": [
              "minecraft:lava_bucket"
            ]
          }
        ]
      }
    }
  },
  "requirements": [
    [
      "lava_bucket"
    ]
  ]
}