{
  "parent": "dawn:dawn/wooden_club",
  "display": {
    "icon": {
      "item": "minecraft:leather"
    },
    "title": "斗牛士",
    "description": "从动物身上收集皮革",
    "frame": "task",
    "show_toast": true,
    "announce_to_chat": true,
    "hidden": false
  },
  "criteria": {
    "dawn": {
      "trigger": "minecraft:inventory_changed",
      "conditions": {
        "items": [
          {
            "items": [
              "minecraft:leather"
            ]
          }
        ]
      }
    }
  }
}