{
  "parent": "dawn:dawn/leather",
  "display": {
    "icon": {
      "item": "minecraft:leather_helmet"
    },
    "title": "别再裸奔了",
    "description": "穿上一件皮革盔甲",
    "frame": "task",
    "show_toast": true,
    "announce_to_chat": true,
    "hidden": false
  },
  "criteria": {
    "dawn1": {
      "trigger": "minecraft:inventory_changed",
      "conditions": {
        "items": [
          {
            "items": [
              "minecraft:leather_helmet"
            ]
          }
        ]
      }
    },
    "dawn2": {
      "trigger": "minecraft:inventory_changed",
      "conditions": {
        "items": [
          {
            "items": [
              "minecraft:leather_chestplate"
            ]
          }
        ]
      }
    },
    "dawn3": {
      "trigger": "minecraft:inventory_changed",
      "conditions": {
        "items": [
          {
            "items": [
              "minecraft:leather_boots"
            ]
          }
        ]
      }
    },
    "dawn4": {
      "trigger": "minecraft:inventory_changed",
      "conditions": {
        "items": [
          {
            "items": [
              "minecraft:leather_leggings"
            ]
          }
        ]
      }
    }
  },
  
  "requirements": [
    [
      "dawn1",
      "dawn2",
      "dawn3",
      "dawn4"
    ]
  ]
}