{
  "parent": "dawn:dawn/mithril_ingot",
  "display": {
    "icon": {
      "item": "minecraft:diamond"
    },
    "title": {
      "translate": "advancements.story.mine_diamond.title"
    },
    "description": "用你的秘银工具采集钻石，钻石矿石只在y=0~16生成",
    "frame": "task",
    "show_toast": true,
    "announce_to_chat": true,
    "hidden": false
  },
  "criteria": {
    "diamond": {
      "trigger": "minecraft:inventory_changed",
      "conditions": {
        "items": [
          {
            "items": [
              "minecraft:diamond"
            ]
          }
        ]
      }
    }
  },
  "requirements": [
    [
      "diamond"
    ]
  ]
}