{
  "parent": "dawn:dawn/mithril_ingot",
  "display": {
    "icon": {
      "item": "minecraft:bow",
      "nbt": "{CustomModelData:16660616}"
    },
    "title": "强弓",
    "description": "在工作台中合成秘银弓",
    "frame": "task",
    "show_toast": true,
    "announce_to_chat": true,
    "hidden": false
  },
  "criteria": {
    "dawn": {
      "trigger": "minecraft:inventory_changed",
      "conditions": {
        "items": [
          {
            "nbt": "{CustomModelData:16660616}",
            "items": [
              "minecraft:bow"
            ]
          }
        ]
      }
    }
  }
}