{
  "parent": "dawn:dawn/obsidian_furnace",
  "display": {
    "icon": {
      "item": "minecraft:firework_star",
      "nbt": "{CustomModelData:16660113}"
    },
    "title": "神话时代!",
    "description": "用熔岩桶作为燃料烧制出一个秘银锭",
    "frame": "task",
    "show_toast": true,
    "announce_to_chat": true,
    "hidden": false
  },
  "criteria": {
    "dawn": {
      "trigger": "minecraft:inventory_changed",
      "conditions": {
        "items": [
          {
            "nbt": "{CustomModelData:16660113}",
            "items": [
              "minecraft:firework_star"
            ]
          }
        ]
      }
    }
  }
}