{
  "parent": "dawn:dawn/copper_forge_table",
  "display": {
    "icon": {
      "item": "minecraft:firework_star",
      "nbt": "{CustomModelData:16660307}"
    },
    "title": "改装时间",
    "description": "合成一个模块来强化你的武器和盔甲，这将消耗一次强化次数",
    "frame": "task",
    "show_toast": true,
    "announce_to_chat": true,
    "hidden": false
  },
  "criteria": {
    "gem": {
      "trigger": "minecraft:inventory_changed",
      "conditions": {
        "items": [
          {
            "nbt": "{Tags:[\"dawn.module\"]}",
            "items": [
              "minecraft:firework_star"
            ]
          }
        ]
      }
    }
  }
}