{
  "parent": "dawn:dawn/logs",
  "display": {
    "icon": {
      "item": "minecraft:name_tag"
    },
    "title": "你的名字？",
    "description": "在告示牌写上字，然后把命名牌丢上去",
    "frame": "task",
    "show_toast": true,
    "announce_to_chat": true,
    "hidden": false
  },
  "criteria": {
    "dawn": {
      "trigger": "minecraft:inventory_changed",
      "conditions": {
        "items": [
          {
            "items": [
              "minecraft:name_tag"
            ]
          }
        ]
      }
    }
  }
}