{
  "parent": "dawn:dawn/form_obsidian",
  "display": {
    "icon": {
      "item": "minecraft:item_frame",
      "nbt": "{CustomModelData:16660039}"
    },
    "title": "岩浆烧制时刻",
    "description": "合成一个黑曜石熔炉",
    "frame": "task",
    "show_toast": true,
    "announce_to_chat": true,
    "hidden": false
  },
  "criteria": {
    "dawn": {
      "trigger": "minecraft:inventory_changed",
      "conditions": {
        "items": [
          {
            "nbt": "{CustomModelData:16660039}",
            "items": [
              "minecraft:item_frame"
            ]
          }
        ]
      }
    }
  }
}