{
  "parent": "dawn:dawn/quality_legendary",
  "display": {
    "icon": {
      "item": "minecraft:netherite_sword",
      "nbt": "{CustomModelData:16660758}"
    },
    "title": "现在，谁才是神？",
    "description": "获得一把§4神器§r品质的武器",
    "frame": "challenge",
    "show_toast": true,
    "announce_to_chat": true,
    "hidden": true
  },
  "criteria": {
    "dawn": {
      "trigger": "minecraft:inventory_changed",
      "conditions": {
        "items": [
          {
            "nbt": "{Tags:[\"quality_myth\"]}"
          }
        ]
      }
    }
  },
  "rewards": {
    "experience": 600
  }
}