{
  "parent": "dawn:dawn/gem_2",
  "display": {
    "icon": {
      "item": "minecraft:diamond_helmet"
    },
    "title": "这不是一个传说",
    "description": "将你的武器或盔甲打造至§6传说§r品质",
    "frame": "challenge",
    "show_toast": true,
    "announce_to_chat": true,
    "hidden": false
  },
  "criteria": {
    "dawn": {
      "trigger": "minecraft:inventory_changed",
      "conditions": {
        "items": [
          {
            "nbt": "{Tags:[\"quality_legendary\"]}"
          }
        ]
      }
    }
  }
}