{
  "parent": "dawn:dawn/leather",
  "display": {
    "icon": {
      "item": "minecraft:firework_star",
      "nbt": "{CustomModelData:16660133}"
    },
    "title": "诱惑",
    "description": "用五根骨头和四片生牛肉制作一个岩兽诱饵，记得把它丢远一点",
    "frame": "challenge",
    "show_toast": true,
    "announce_to_chat": true,
    "hidden": false
  },
  "criteria": {
    "dawn": {
      "trigger": "minecraft:inventory_changed",
      "conditions": {
        "items": [
          {
            "nbt": "{CustomModelData:16660133}",
            "items": [
              "minecraft:firework_star"
            ]
          }
        ]
      }
    }
  }
}