{
  "parent": "dawn:dawn/clay_furnace",
  "display": {
    "icon": {
      "item": "minecraft:item_frame",
      "nbt": "{CustomModelData:16660030}"
    },
    "title": "更好的炉子",
    "description": "合成一个陶瓦熔炉或沙石熔炉",
    "frame": "task",
    "show_toast": true,
    "announce_to_chat": true,
    "hidden": false
  },
  "criteria": {
    "dawn1": {
      "trigger": "minecraft:inventory_changed",
      "conditions": {
        "items": [
          {
            "nbt": "{CustomModelData:16660033}",
            "items": [
              "minecraft:item_frame"
            ]
          }
        ]
      }
    },
    "dawn2": {
      "trigger": "minecraft:inventory_changed",
      "conditions": {
        "items": [
          {
            "nbt": "{CustomModelData:16660030}",
            "items": [
              "minecraft:item_frame"
            ]
          }
        ]
      }
    }
  },
  "requirements": [
    [
      "dawn1",
      "dawn2"
    ]
  ]
}