{
  "parent": "dawn:dawn/health_boost",
  "criteria": {
    "igloo": {
      "trigger": "minecraft:player_killed_entity",
      "conditions": {
        "entity": {
          "nbt": "{Tags:[\"split_zombie\"]}"
        }
      }
    }
  },
  "display": {
    "announce_to_chat": true,
    "description": "击败一只分裂僵尸，然后，就没有然后了",
    "frame": "task",
    "hidden": false,
    "icon": {
      "item": "minecraft:rotten_flesh"
    },
    "show_toast": true,
    "title": "无穷无尽"
  }
}