{
  "parent": "dawn:dawn/root",
  "display": {
    "icon": {
      "item": "minecraft:stick"
    },
    "title": "木棍采集者",
    "description": "收集木棍用来制作工具",
    "frame": "task",
    "show_toast": true,
    "announce_to_chat": true,
    "hidden": false
  },
  "criteria": {
    "dawn": {
      "trigger": "minecraft:inventory_changed",
      "conditions": {
        "items": [
          {
            "items": [
              "minecraft:stick"
            ]
          }
        ]
      }
    }
  }
}