{
  "parent": "dawn:dawn/sandstone_furnace",
  "display": {
    "icon": {
      "item": "minecraft:torch"
    },
    "title": "让一切亮起来吧",
    "description": "制造出火把来照明黑暗",
    "frame": "task",
    "show_toast": true,
    "announce_to_chat": true,
    "hidden": false
  },
  "criteria": {
    "dawn": {
      "trigger": "minecraft:inventory_changed",
      "conditions": {
        "items": [
          {
            "items": [
              "minecraft:torch"
            ]
          }
        ]
      }
    }
  }
}