{
  "parent": "dawn:dawn/mine_diamond",
  "display": {
    "icon": {
      "item": "minecraft:firework_star",
      "nbt": "{CustomModelData:16660131}"
    },
    "title": "那我岂不是要无敌了？",
    "description": "合成振金锭！",
    "frame": "challenge",
    "show_toast": true,
    "announce_to_chat": true,
    "hidden": false
  },
  "criteria": {
    "dawn": {
      "trigger": "minecraft:inventory_changed",
      "conditions": {
        "items": [
          {
            "nbt": "{CustomModelData:16660131}",
            "items": [
              "minecraft:firework_star"
            ]
          }
        ]
      }
    }
  }
}