{
  "parent": "dawn:dawn/mithril_bow",
  "display": {
    "icon": {
      "item": "minecraft:bow",
      "nbt": "{CustomModelData:16660619}"
    },
    "title": "百步穿杨",
    "description": "制作一把振金弓",
    "frame": "challenge",
    "show_toast": true,
    "announce_to_chat": true,
    "hidden": false
  },
  "criteria": {
    "dawn": {
      "trigger": "minecraft:inventory_changed",
      "conditions": {
        "items": [
          {
            "nbt": "{CustomModelData:16660619}",
            "items": [
              "minecraft:bow"
            ]
          }
        ]
      }
    }
  }
}