{
    "parent": "dawn:dawn/root",
    "display": {
    "icon": {
      "item": "minecraft:wheat_seeds"
    },
    "title": "拾荒者",
    "description": "收集小麦种子，蹲下来吃几口",
    "frame": "task",
    "show_toast": true,
    "announce_to_chat": true,
    "hidden": false
  },
    "criteria": {
        "seeds": {
            "trigger": "minecraft:inventory_changed",
            "conditions": {
              "items": [
                {
                  "items": [
                    "minecraft:wheat_seeds"
                  ]
                }
              ]
            }
        }
    }
}