{
  "parent": "dawn:dawn/flint_crafting_table",
  "display": {
    "icon": {
      "item": "minecraft:wooden_sword",
      "nbt": "{CustomModelData:16660602}"
    },
    "title": "出击时间到",
    "description": "用木板和木棍制作一个木棒",
    "frame": "task",
    "show_toast": true,
    "announce_to_chat": true,
    "hidden": false
  },
  "criteria": {
    "dawn": {
      "trigger": "minecraft:inventory_changed",
      "conditions": {
        "items": [
          {
            "nbt": "{CustomModelData:16660602}",
            "items": [
              "minecraft:wooden_sword"
            ]
          }
        ]
      }
    }
  }
}