{
  "parent": "dawn:dawn/flint_crafting_table",
  "display": {
    "icon": {
      "item": "minecraft:wooden_shovel"
    },
    "title": "探索地表",
    "description": "用木板和木棍制作一个木锹",
    "frame": "task",
    "show_toast": true,
    "announce_to_chat": true,
    "hidden": false
  },
  "criteria": {
    "dawn": {
      "trigger": "minecraft:inventory_changed",
      "conditions": {
        "items": [
          {
            "items": [
              "minecraft:wooden_shovel"
            ]
          }
        ]
      }
    }
  }
}