  {
    "pools": [
      {
        "rolls": 1,
        "entries": [
          {
            "type": "minecraft:item",
            "name": "minecraft:tipped_arrow",
            "functions": [
              {
                "function": "minecraft:set_name",
                "name":{"translate":"item.dawn.iron_arrow","italic":false}
              },
              {
                "function": "minecraft:set_nbt",
                "tag": "{CustomModelData:16660584,CustomPotionColor:16660584,HideFlags:32,Tags:[\"dawn.iron_arrow\"]}"
              },
              {
                "function": "minecraft:set_lore",
                "lore": [{"translate":"item.dawn.iron_arrow_lore","italic":false,"color": "gray"},{"translate":"item.dawn.unable_to_recycle_lore","italic":false,"color": "gray"}]
              }
            ]
          }
        ]
      }
    ]
  }