  {
    "pools": [
      {
        "rolls": 1,
        "entries": [
          {
            "type": "minecraft:item",
            "name": "minecraft:chainmail_leggings",
            "functions": [
              {
                "function": "minecraft:set_lore",
                "lore":[{"text":"copper","italic":false},{"text":"","italic":false},{"translate":"lore.dawn.quality_ordinary","color":"gray","italic":false},{"translate":"lore.dawn.strengthen_0","color":"gray","italic":false}]
              },
              {
                "function": "minecraft:set_nbt",
                "tag": "{Tags:[\"dawn.armor\",\"dawn.copper\",\"quality_ordinary\",\"strengthen_0\"]}"
              },
              {
                "function": "minecraft:set_attributes",
                "modifiers": [
                  {
                    "amount": 3.5,
                    "name": "generic.armor",
                    "attribute": "generic.armor",
                    "operation": "addition",
                    "slot": "legs"
                  },
                  {
                    "amount": 0,
                    "name": "generic.armor_toughness",
                    "attribute": "generic.armor_toughness",
                    "operation": "addition",
                    "slot": "legs"
                  },
                  {
                    "amount": 0,
                    "name": "generic.knockback_resistance",
                    "attribute": "generic.knockback_resistance",
                    "operation": "addition",
                    "slot": "legs"
                  },
                  {
                    "amount": 0,
                    "name": "generic.movement_speed",
                    "attribute": "generic.movement_speed",
                    "operation": "addition",
                    "slot": "legs"
                  },
                  {
                    "amount": 0,
                    "name": "generic.max_health",
                    "attribute": "generic.max_health",
                    "operation": "addition",
                    "slot": "legs"
                  },
                  {
                    "amount": 0,
                    "name": "generic.luck",
                    "attribute": "generic.luck",
                    "operation": "addition",
                    "slot": "legs"
                  }
                ]
              }
            ]
          }
        ]
      }
    ]
  }