  {
    "pools": [
      {
        "rolls": 1,
        "entries": [
          {
            "type": "minecraft:item",
            "name": "minecraft:diamond_chestplate",
            "functions": [
              {
                "function": "minecraft:set_name",
                "name":{"translate":"item.dawn.prismarine_chestplate","italic":false}
              },
              {
                "function": "minecraft:set_lore",
                "lore":[{"text":"prismarine","italic":false},{"text":"","italic":false},{"translate":"lore.dawn.quality_myth","color":"gray","italic":false},{"translate":"lore.dawn.strengthen_6","color":"gray","italic":false}]
              },
              {
                "function": "minecraft:set_nbt",
                "tag": "{CustomModelData:16660727,Tags:[\"ban_disench\",\"ban_repair\",\"dawn.armor\",\"dawn.prismarine\",\"quality_myth\",\"strengthen_6\"]}"
              },
              {
                "function": "minecraft:set_attributes",
                "modifiers": [
                  {
                    "amount": 8,
                    "name": "generic.armor",
                    "attribute": "generic.armor",
                    "operation": "addition",
                    "slot": "chest"
                  },
                  {
                    "amount": 4,
                    "name": "generic.armor_toughness",
                    "attribute": "generic.armor_toughness",
                    "operation": "addition",
                    "slot": "chest"
                  },
                  {
                    "amount": 0,
                    "name": "generic.knockback_resistance",
                    "attribute": "generic.knockback_resistance",
                    "operation": "addition",
                    "slot": "chest"
                  },
                  {
                    "amount": 0.1,
                    "name": "generic.movement_speed",
                    "attribute": "generic.movement_speed",
                    "operation": "multiply_base",
                    "slot": "chest"
                  },
                  {
                    "amount": 0,
                    "name": "generic.max_health",
                    "attribute": "generic.max_health",
                    "operation": "addition",
                    "slot": "chest"
                  },
                  {
                    "amount": 0,
                    "name": "generic.luck",
                    "attribute": "generic.luck",
                    "operation": "addition",
                    "slot": "chest"
                  }
                ]
              },
              {
                "function": "minecraft:set_enchantments",
                "enchantments": {
                  "respiration": 3,
                  "depth_strider": 3,
                  "aqua_affinity": 1
                }
              }
            ]
          }
        ]
      }
    ]
  }