{
	"parent": "block/block",
	"textures": {
		"0": "dawn:block/golden_crafting_table_front",
		"1": "dawn:block/golden_crafting_table_side",
		"2": "dawn:block/crafting_table_bottom",
		"3": "dawn:block/crafting_table_top",
		"particle": "dawn:block/golden_crafting_table_front"
	},
	"elements": [
		{
			"from": [0, 0, 0],
			"to": [16, 16, 16],
			"faces": {
				"north": {"uv": [0, 0, 16, 16], "texture": "#0"},
				"east": {"uv": [0, 0, 16, 16], "texture": "#1"},
				"south": {"uv": [0, 0, 16, 16], "texture": "#1"},
				"west": {"uv": [0, 0, 16, 16], "texture": "#0"},
				"up": {"uv": [0, 0, 16, 16], "texture": "#3"},
				"down": {"uv": [0, 0, 16, 16], "texture": "#2"}
			}
		}
	]
}