{
	"parent": "block/block",
	"textures": {
		"0": "dawn:block/jungle_flint_crafting_table_side",
		"1": "dawn:block/jungle_flint_crafting_table_bottom",
		"2": "dawn:block/jungle_flint_crafting_table_top",
		"particle": "dawn:block/jungle_flint_crafting_table_side"
	},
	"elements": [
		{
			"from": [0, 0, 0],
			"to": [16, 16, 16],
			"faces": {
				"north": {"uv": [0, 0, 16, 16], "texture": "#0"},
				"east": {"uv": [0, 0, 16, 16], "texture": "#0"},
				"south": {"uv": [0, 0, 16, 16], "texture": "#0"},
				"west": {"uv": [0, 0, 16, 16], "texture": "#0"},
				"up": {"uv": [0, 0, 16, 16], "texture": "#2"},
				"down": {"uv": [0, 0, 16, 16], "texture": "#1"}
			}
		}
	],
	"display": {}
}