{
  "parent": "minecraft:item/generated",
  "textures": {
    "layer0": "minecraft:item/clay_ball"
  },
	"overrides": [
    { "predicate": { "custom_model_data": 16660500 }, "model": "dawn:recipes/shield_core"},
    { "predicate": { "custom_model_data": 16660501 }, "model": "dawn:recipes/shield"},
    { "predicate": { "custom_model_data": 16660503 }, "model": "dawn:recipes/bone_cone"},
    { "predicate": { "custom_model_data": 16660504 }, "model": "dawn:recipes/clay_furnace"},
    { "predicate": { "custom_model_data": 16660505 }, "model": "dawn:recipes/flint_crafting_table"},
    { "predicate": { "custom_model_data": 16660506 }, "model": "dawn:recipes/iron_battle_axe"},
    { "predicate": { "custom_model_data": 16660507 }, "model": "dawn:recipes/iron_crafting_table"},
    { "predicate": { "custom_model_data": 16660508 }, "model": "dawn:recipes/iron_hammer"},
    { "predicate": { "custom_model_data": 16660509 }, "model": "dawn:recipes/iron_hatchet"},
    { "predicate": { "custom_model_data": 16660510 }, "model": "dawn:recipes/iron_knife"},
    { "predicate": { "custom_model_data": 16660511 }, "model": "dawn:recipes/iron_mattock"},
    { "predicate": { "custom_model_data": 16660513 }, "model": "dawn:recipes/iron_forge_table"}
  ]
}