{
  "parent": "minecraft:item/generated",
  "textures": {
    "layer0": "minecraft:item/cookie"
  },
	"overrides": [
    { "predicate": { "custom_model_data": 16660140 }, "model": "dawn:item/beef_stew"},
    { "predicate": { "custom_model_data": 16660141 }, "model": "dawn:item/bowl_salad"},
    { "predicate": { "custom_model_data": 16660142 }, "model": "dawn:item/cereal"},
    { "predicate": { "custom_model_data": 16660143 }, "model": "dawn:item/chicken_soup"},
    { "predicate": { "custom_model_data": 16660144 }, "model": "dawn:item/cream_of_mushroom_soup"},
    { "predicate": { "custom_model_data": 16660145 }, "model": "dawn:item/ice_cream"},
    { "predicate": { "custom_model_data": 16660146 }, "model": "dawn:item/mashed_potato"},
    { "predicate": { "custom_model_data": 16660147 }, "model": "dawn:item/pumpkin_soup"},
    { "predicate": { "custom_model_data": 16660148 }, "model": "dawn:item/sorbet"},
    { "predicate": { "custom_model_data": 16660149 }, "model": "dawn:item/vegetable_soup"},

    { "predicate": { "custom_model_data": 16660161 }, "model": "dawn:item/yuanyang_dan"},
    { "predicate": { "custom_model_data": 16660162 }, "model": "dawn:item/bingshuang_dan"},
    { "predicate": { "custom_model_data": 16660163 }, "model": "dawn:item/dahuan_dan"},
    { "predicate": { "custom_model_data": 16660164 }, "model": "dawn:item/huoxue_dan"},
    { "predicate": { "custom_model_data": 16660165 }, "model": "dawn:item/mingmu_dan"},
    { "predicate": { "custom_model_data": 16660166 }, "model": "dawn:item/qingling_dan"},
    { "predicate": { "custom_model_data": 16660167 }, "model": "dawn:item/tongdu_dan"},
    { "predicate": { "custom_model_data": 16660168 }, "model": "dawn:item/changsheng_dan"},
    { "predicate": { "custom_model_data": 16660169 }, "model": "dawn:item/xisui_dan"},
    { "predicate": { "custom_model_data": 16660170 }, "model": "dawn:item/fanming_dan"},
    { "predicate": { "custom_model_data": 16660171 }, "model": "dawn:item/jiedu_dan"},
    { "predicate": { "custom_model_data": 16660172 }, "model": "dawn:item/kuangbao_dan"},
    { "predicate": { "custom_model_data": 16660173 }, "model": "dawn:item/xiaohuan_dan"},
    { "predicate": { "custom_model_data": 16660174 }, "model": "dawn:item/bigu_dan"},
    { "predicate": { "custom_model_data": 16660175 }, "model": "dawn:item/guixi_dan"},
    { "predicate": { "custom_model_data": 16660176 }, "model": "dawn:item/shihun_dan"},
    { "predicate": { "custom_model_data": 16660177 }, "model": "dawn:item/shihun_dan_big"},
    { "predicate": { "custom_model_data": 16660178 }, "model": "dawn:item/qingteng_dan"},
    { "predicate": { "custom_model_data": 16660179 }, "model": "dawn:item/chiyan_dan"}
  ]
}