{
	"parent": "item/generated",
	"textures": {
		"layer0": "item/firework_star",
		"layer1": "item/firework_star_overlay"
	},
	"overrides": [

		{ "predicate": { "custom_model_data": 12311710 }, "model": "mj:gui/empty"},
		{ "predicate": { "custom_model_data": 12311711 }, "model": "mj:gui/magic_infusion_table"},
		{ "predicate": { "custom_model_data": 12311712 }, "model": "mj:gui/button_repair"},
		{ "predicate": { "custom_model_data": 12311713 }, "model": "mj:gui/button_repair_trigger"},
		{ "predicate": { "custom_model_data": 12311714 }, "model": "mj:gui/button_upgrade"},
		{ "predicate": { "custom_model_data": 12311715 }, "model": "mj:gui/button_upgrade_trigger"},
		{ "predicate": { "custom_model_data": 12311716 }, "model": "mj:gui/button_renew"},
		{ "predicate": { "custom_model_data": 12311717 }, "model": "mj:gui/button_renew_trigger"},

		{ "predicate": { "custom_model_data": 12311720 }, "model": "mj:item/breath_of_nature"},
		{ "predicate": { "custom_model_data": 12311721 }, "model": "mj:item/breath_of_land"},
		{ "predicate": { "custom_model_data": 12311722 }, "model": "mj:item/breath_of_flame"},
		{ "predicate": { "custom_model_data": 12311723 }, "model": "mj:item/breath_of_sky"},
		{ "predicate": { "custom_model_data": 12311724 }, "model": "mj:item/breath_of_sea"},
		{ "predicate": { "custom_model_data": 12311725 }, "model": "mj:item/breath_of_life"},
		{ "predicate": { "custom_model_data": 12311726 }, "model": "mj:item/breath_of_nether"},
		{ "predicate": { "custom_model_data": 12311727 }, "model": "mj:item/breath_of_end"},
		{ "predicate": { "custom_model_data": 12311728 }, "model": "mj:item/breath_of_lightning"},
		{ "predicate": { "custom_model_data": 12311729 }, "model": "mj:item/breath_of_blood"},

		{ "predicate": { "custom_model_data": 12311740 }, "model": "mj:item/spiritual_branch"},


		


		{ "predicate": { "custom_model_data": 16660000 }, "model": "dawn:item/empty"},
		{ "predicate": { "custom_model_data": 16660001 }, "model": "dawn:item/health_boost"},
		{ "predicate": { "custom_model_data": 16660002 }, "model": "dawn:item/no_vip"},
		{ "predicate": { "custom_model_data": 16660003 }, "model": "dawn:item/vip"},
		{ "predicate": { "custom_model_data": 16660004 }, "model": "dawn:item/chong_zhi"},
		{ "predicate": { "custom_model_data": 16660005 }, "model": "dawn:item/vip_show"},

		{ "predicate": { "custom_model_data": 16660100 }, "model": "dawn:item/copper_nugget"},
		{ "predicate": { "custom_model_data": 16660101 }, "model": "dawn:item/silver_nugget"},
		{ "predicate": { "custom_model_data": 16660102 }, "model": "dawn:item/ancient_metal_nugget"},
		{ "predicate": { "custom_model_data": 16660103 }, "model": "dawn:item/mithril_nugget"},

		{ "predicate": { "custom_model_data": 16660105 }, "model": "dawn:item/flint_chips"},
		{ "predicate": { "custom_model_data": 16660106 }, "model": "dawn:item/emerald_chips"},
		{ "predicate": { "custom_model_data": 16660107 }, "model": "dawn:item/diamond_chips"},
		
		{ "predicate": { "custom_model_data": 16660111 }, "model": "dawn:item/silver_ingot"},
		{ "predicate": { "custom_model_data": 16660112 }, "model": "dawn:item/ancient_metal_ingot"},
		{ "predicate": { "custom_model_data": 16660113 }, "model": "dawn:item/mithril_ingot"},
		{ "predicate": { "custom_model_data": 16660114 }, "model": "dawn:item/frost_ingot"},

		{ "predicate": { "custom_model_data": 16660116 }, "model": "dawn:item/obsidian_stick"},
		{ "predicate": { "custom_model_data": 16660117 }, "model": "dawn:item/fusion_catalyst"},
		{ "predicate": { "custom_model_data": 16660119 }, "model": "dawn:item/flexible_cane"},
		{ "predicate": { "custom_model_data": 16660120 }, "model": "dawn:item/shield_core"},
		
		{ "predicate": { "custom_model_data": 16660121 }, "model": "dawn:item/enhanced_gem_5"},
		{ "predicate": { "custom_model_data": 16660122 }, "model": "dawn:item/enhanced_gem_4"},
		{ "predicate": { "custom_model_data": 16660123 }, "model": "dawn:item/enhanced_gem_6"},
		{ "predicate": { "custom_model_data": 16660124 }, "model": "dawn:item/enhanced_gem_9"},
		{ "predicate": { "custom_model_data": 16660125 }, "model": "dawn:item/enhanced_gem_3"},
		{ "predicate": { "custom_model_data": 16660126 }, "model": "dawn:item/enhanced_gem_7"},
		{ "predicate": { "custom_model_data": 16660127 }, "model": "dawn:item/enhanced_gem_8"},
		{ "predicate": { "custom_model_data": 16660128 }, "model": "dawn:item/enhanced_gem_2"},
		{ "predicate": { "custom_model_data": 16660129 }, "model": "dawn:item/enhanced_gem_1"},

		{ "predicate": { "custom_model_data": 16660131 }, "model": "dawn:item/vibranium_ingot"},
		{ "predicate": { "custom_model_data": 16660132 }, "model": "dawn:item/vibranium_nugget"},

		{ "predicate": { "custom_model_data": 16660133 }, "model": "dawn:item/rock_beast_lure"},

		{ "predicate": { "custom_model_data": 16660134 }, "model": "dawn:item/wood_chips"},

		{ "predicate": { "custom_model_data": 16660191 }, "model": "dawn:item/adamantium_coin"},
		{ "predicate": { "custom_model_data": 16660192 }, "model": "dawn:item/ancient_metal_coin"},
		{ "predicate": { "custom_model_data": 16660193 }, "model": "dawn:item/copper_coin"},
		{ "predicate": { "custom_model_data": 16660194 }, "model": "dawn:item/golden_coin"},
		{ "predicate": { "custom_model_data": 16660195 }, "model": "dawn:item/iron_coin"},
		{ "predicate": { "custom_model_data": 16660196 }, "model": "dawn:item/mithril_coin"},
		{ "predicate": { "custom_model_data": 16660197 }, "model": "dawn:item/silver_coin"},

		{ "predicate": { "custom_model_data": 16660240 }, "model": "dawn:item/injector_of_none"},

		{ "predicate": { "custom_model_data": 16660300 }, "model": "dawn:item/armor_module"},
		{ "predicate": { "custom_model_data": 16660301 }, "model": "dawn:item/armor_toughness_module"},
		{ "predicate": { "custom_model_data": 16660302 }, "model": "dawn:item/attack_damage_module"},
		{ "predicate": { "custom_model_data": 16660303 }, "model": "dawn:item/attack_knockback_module"},
		{ "predicate": { "custom_model_data": 16660304 }, "model": "dawn:item/attack_speed_module"},
		{ "predicate": { "custom_model_data": 16660307 }, "model": "dawn:item/knockback_resistance_module"},
		{ "predicate": { "custom_model_data": 16660308 }, "model": "dawn:item/luck_module"},
		{ "predicate": { "custom_model_data": 16660309 }, "model": "dawn:item/max_health_module"},
		{ "predicate": { "custom_model_data": 16660310 }, "model": "dawn:item/movement_speed_module"},

		{ "predicate": { "custom_model_data": 16660321 }, "model": "dawn:item/ancient_book"},

		{ "predicate": { "custom_model_data": 16661000 }, "model": "dawn:item/gui/forge_table"},

		{ "predicate": { "custom_model_data": 16661001 }, "model": "dawn:item/gui/crafting_table"},
		{ "predicate": { "custom_model_data": 16661601 }, "model": "dawn:item/gui/crafting_table_1"},
		{ "predicate": { "custom_model_data": 16662201 }, "model": "dawn:item/gui/crafting_table_2"},
		{ "predicate": { "custom_model_data": 16662801 }, "model": "dawn:item/gui/crafting_table_3"},
		{ "predicate": { "custom_model_data": 16663401 }, "model": "dawn:item/gui/crafting_table_4"},
		{ "predicate": { "custom_model_data": 16664001 }, "model": "dawn:item/gui/crafting_table_5"},
		{ "predicate": { "custom_model_data": 16664601 }, "model": "dawn:item/gui/crafting_table_6"},
		{ "predicate": { "custom_model_data": 16665201 }, "model": "dawn:item/gui/crafting_table_7"},
		{ "predicate": { "custom_model_data": 16665801 }, "model": "dawn:item/gui/crafting_table_8"},
		{ "predicate": { "custom_model_data": 16666401 }, "model": "dawn:item/gui/crafting_table_9"},
		{ "predicate": { "custom_model_data": 16667001 }, "model": "dawn:item/gui/crafting_table_10"},
		{ "predicate": { "custom_model_data": 16667601 }, "model": "dawn:item/gui/crafting_table_11"},
		{ "predicate": { "custom_model_data": 16668201 }, "model": "dawn:item/gui/crafting_table_12"},
		{ "predicate": { "custom_model_data": 16668801 }, "model": "dawn:item/gui/crafting_table_13"},
		{ "predicate": { "custom_model_data": 16669401 }, "model": "dawn:item/gui/crafting_table_14"},
		{ "predicate": { "custom_model_data": 16670001 }, "model": "dawn:item/gui/crafting_table_15"},
		{ "predicate": { "custom_model_data": 16670601 }, "model": "dawn:item/gui/crafting_table_16"},
		{ "predicate": { "custom_model_data": 16671201 }, "model": "dawn:item/gui/crafting_table_17"},
		{ "predicate": { "custom_model_data": 16671801 }, "model": "dawn:item/gui/crafting_table_18"},
		{ "predicate": { "custom_model_data": 16672401 }, "model": "dawn:item/gui/crafting_table_19"},
		{ "predicate": { "custom_model_data": 16673001 }, "model": "dawn:item/gui/crafting_table_20"},
		{ "predicate": { "custom_model_data": 16673601 }, "model": "dawn:item/gui/crafting_table_21"},
		{ "predicate": { "custom_model_data": 16674201 }, "model": "dawn:item/gui/crafting_table_22"}
	]
}
