{
  "parent": "minecraft:item/handheld",
  "textures": {
    "layer0": "minecraft:item/golden_axe"
  },
	"overrides": [
    { "predicate": { "custom_model_data": 16660641 }, "model": "dawn:item/golden_battle_axe"},
    { "predicate": { "custom_model_data": 16660642 }, "model": "dawn:item/golden_hatchet"},
    
    { "predicate": { "custom_model_data": 16660760 }, "model": "dawn:item/rose_golden_axe"},
    { "predicate": { "custom_model_data": 16660761 }, "model": "dawn:item/rose_golden_battle_axe"},
    { "predicate": { "custom_model_data": 16660762 }, "model": "dawn:item/rose_golden_hatchet"}
  ]
}