{
  "parent": "minecraft:item/generated",
  "textures": {
    "layer0": "minecraft:item/iron_helmet"
  },
	"overrides": [
    { "predicate": { "custom_model_data": 16660703 }, "model": "dawn:item/guard_helmet"},
    { "predicate": { "custom_model_data": 16660708 }, "model": "dawn:item/silver_helmet"},
    { "predicate": { "custom_model_data": 16660713 }, "model": "dawn:item/rusted_iron_helmet"},
    { "predicate": { "custom_model_data": 16660718 }, "model": "dawn:item/ancient_metal_helmet"},
    { "predicate": { "custom_model_data": 16660723 }, "model": "dawn:item/frost_helmet"}
  ]
}