{
  "parent": "minecraft:item/handheld",
  "textures": {
    "layer0": "minecraft:item/iron_axe"
  },
	"overrides": [

    { "predicate": { "custom_model_data": 16660661 }, "model": "dawn:item/iron_battle_axe"},
    { "predicate": { "custom_model_data": 16660662 }, "model": "dawn:item/iron_hatchet"},
    
    { "predicate": { "custom_model_data": 16660670 }, "model": "dawn:item/ancient_metal_axe"},
    { "predicate": { "custom_model_data": 16660671 }, "model": "dawn:item/ancient_metal_battle_axe"},
    { "predicate": { "custom_model_data": 16660672 }, "model": "dawn:item/ancient_metal_hatchet"}
  ]
}