{
  "parent": "minecraft:item/handheld",
  "textures": {
    "layer0": "minecraft:item/iron_sword"
  },
	"overrides": [
    { "predicate": { "custom_model_data": 16660609 }, "model": "dawn:item/frost_sword"},
    
    { "predicate": { "custom_model_data": 16660615 }, "model": "dawn:item/guard_combat_board"},

    { "predicate": { "custom_model_data": 16660664 }, "model": "dawn:item/iron_knife"},

    { "predicate": { "custom_model_data": 16660674 }, "model": "dawn:item/ancient_metal_knife"},
    { "predicate": { "custom_model_data": 16660678 }, "model": "dawn:item/ancient_metal_sword"}
  ]
}