{
  "parent": "minecraft:item/generated",
  "textures": {
    "layer0": "minecraft:item/iron_leggings"
  },
	"overrides": [
    { "predicate": { "custom_model_data": 16660704 }, "model": "dawn:item/guard_leggings"},
    { "predicate": { "custom_model_data": 16660709 }, "model": "dawn:item/silver_leggings"},
    { "predicate": { "custom_model_data": 16660714 }, "model": "dawn:item/rusted_iron_leggings"},
    { "predicate": { "custom_model_data": 16660719 }, "model": "dawn:item/ancient_metal_leggings"},
    { "predicate": { "custom_model_data": 16660724 }, "model": "dawn:item/frost_leggings"}
  ]
}