{
  "parent": "minecraft:item/generated",
  "textures": {
    "layer0": "minecraft:item/iron_boots"
  },
	"overrides": [
    { "predicate": { "custom_model_data": 16660701 }, "model": "dawn:item/guard_boots"},
    { "predicate": { "custom_model_data": 16660706 }, "model": "dawn:item/silver_boots"},
    { "predicate": { "custom_model_data": 16660711 }, "model": "dawn:item/rusted_iron_boots"},
    { "predicate": { "custom_model_data": 16660716 }, "model": "dawn:item/ancient_metal_boots"},
    { "predicate": { "custom_model_data": 16660721 }, "model": "dawn:item/frost_boots"}
  ]
}