{
  "parent": "minecraft:item/generated",
  "textures": {
    "layer0": "minecraft:item/iron_chestplate"
  },
	"overrides": [
    { "predicate": { "custom_model_data": 16660702 }, "model": "dawn:item/guard_chestplate"},
    { "predicate": { "custom_model_data": 16660707 }, "model": "dawn:item/silver_chestplate"},
    { "predicate": { "custom_model_data": 16660712 }, "model": "dawn:item/rusted_iron_chestplate"},
    { "predicate": { "custom_model_data": 16660717 }, "model": "dawn:item/ancient_metal_chestplate"},
    { "predicate": { "custom_model_data": 16660722 }, "model": "dawn:item/frost_chestplate"}
  ]
}