{
  "parent": "minecraft:item/generated",
  "textures": {
    "layer0": "minecraft:item/item_frame"
  },
	"overrides": [

    { "predicate": { "custom_model_data": 12311700 }, "model": "mj:block/magic_crafting_table"},
    { "predicate": { "custom_model_data": 12311701 }, "model": "mj:block/magic_crafting_table_show"},

    { "predicate": { "custom_model_data": 12311702 }, "model": "mj:block/magic_infusion_table"},
    { "predicate": { "custom_model_data": 12311703 }, "model": "mj:block/magic_infusion_table_show"},

    

    { "predicate": { "custom_model_data": 16660001 }, "model": "dawn:block/acacia_flint_crafting_table"},
    { "predicate": { "custom_model_data": 16660002 }, "model": "dawn:block/acacia_flint_crafting_table_show"},
    { "predicate": { "custom_model_data": 16660003 }, "model": "dawn:block/birch_flint_crafting_table"},
    { "predicate": { "custom_model_data": 16660004 }, "model": "dawn:block/birch_flint_crafting_table_show"},
    { "predicate": { "custom_model_data": 16660005 }, "model": "dawn:block/dark_oak_flint_crafting_table"},
    { "predicate": { "custom_model_data": 16660006 }, "model": "dawn:block/dark_oak_flint_crafting_table_show"},
    { "predicate": { "custom_model_data": 16660007 }, "model": "dawn:block/jungle_flint_crafting_table"},
    { "predicate": { "custom_model_data": 16660008 }, "model": "dawn:block/jungle_flint_crafting_table_show"},
    { "predicate": { "custom_model_data": 16660009 }, "model": "dawn:block/oak_flint_crafting_table"},
    { "predicate": { "custom_model_data": 16660010 }, "model": "dawn:block/oak_flint_crafting_table_show"},
    { "predicate": { "custom_model_data": 16660011 }, "model": "dawn:block/spruce_flint_crafting_table"},
    { "predicate": { "custom_model_data": 16660012 }, "model": "dawn:block/spruce_flint_crafting_table_show"},

    { "predicate": { "custom_model_data": 16660013 }, "model": "dawn:block/copper_crafting_table"},
    { "predicate": { "custom_model_data": 16660014 }, "model": "dawn:block/copper_crafting_table_show"},
    { "predicate": { "custom_model_data": 16660015 }, "model": "dawn:block/silver_crafting_table"},
    { "predicate": { "custom_model_data": 16660016 }, "model": "dawn:block/silver_crafting_table_show"},
    { "predicate": { "custom_model_data": 16660017 }, "model": "dawn:block/golden_crafting_table"},
    { "predicate": { "custom_model_data": 16660018 }, "model": "dawn:block/golden_crafting_table_show"},
    { "predicate": { "custom_model_data": 16660019 }, "model": "dawn:block/iron_crafting_table"},
    { "predicate": { "custom_model_data": 16660020 }, "model": "dawn:block/iron_crafting_table_show"},
    { "predicate": { "custom_model_data": 16660021 }, "model": "dawn:block/ancient_metal_crafting_table"},
    { "predicate": { "custom_model_data": 16660022 }, "model": "dawn:block/ancient_metal_crafting_table_show"},
    { "predicate": { "custom_model_data": 16660023 }, "model": "dawn:block/mithril_crafting_table"},
    { "predicate": { "custom_model_data": 16660024 }, "model": "dawn:block/mithril_crafting_table_show"},
    { "predicate": { "custom_model_data": 16660025 }, "model": "dawn:block/adamantium_crafting_table"},
    { "predicate": { "custom_model_data": 16660026 }, "model": "dawn:block/adamantium_crafting_table_show"},

    { "predicate": { "custom_model_data": 16660027 }, "model": "dawn:block/clay_furnace"},
    { "predicate": { "custom_model_data": 16660028 }, "model": "dawn:block/clay_furnace_off"},
    { "predicate": { "custom_model_data": 16660029 }, "model": "dawn:block/clay_furnace_on"},
    { "predicate": { "custom_model_data": 16660030 }, "model": "dawn:block/hardened_clay_furnace"},
    { "predicate": { "custom_model_data": 16660031 }, "model": "dawn:block/hardened_clay_furnace_off"},
    { "predicate": { "custom_model_data": 16660032 }, "model": "dawn:block/hardened_clay_furnace_on"},
    { "predicate": { "custom_model_data": 16660033 }, "model": "dawn:block/sandstone_furnace"},
    { "predicate": { "custom_model_data": 16660034 }, "model": "dawn:block/sandstone_furnace_off"},
    { "predicate": { "custom_model_data": 16660035 }, "model": "dawn:block/sandstone_furnace_on"},
    { "predicate": { "custom_model_data": 16660036 }, "model": "dawn:block/cobblestone_furnace"},
    { "predicate": { "custom_model_data": 16660037 }, "model": "dawn:block/cobblestone_furnace_off"},
    { "predicate": { "custom_model_data": 16660038 }, "model": "dawn:block/cobblestone_furnace_on"},
    { "predicate": { "custom_model_data": 16660039 }, "model": "dawn:block/obsidian_furnace"},
    { "predicate": { "custom_model_data": 16660040 }, "model": "dawn:block/obsidian_furnace_off"},
    { "predicate": { "custom_model_data": 16660041 }, "model": "dawn:block/obsidian_furnace_on"},
    { "predicate": { "custom_model_data": 16660042 }, "model": "dawn:block/netherrack_furnace"},
    { "predicate": { "custom_model_data": 16660043 }, "model": "dawn:block/netherrack_furnace_off"},
    { "predicate": { "custom_model_data": 16660044 }, "model": "dawn:block/netherrack_furnace_on"},

    { "predicate": { "custom_model_data": 16660047 }, "model": "dawn:block/copper_forge_table"},
    { "predicate": { "custom_model_data": 16660048 }, "model": "dawn:block/copper_forge_table_show"},
    { "predicate": { "custom_model_data": 16660049 }, "model": "dawn:block/silver_forge_table"},
    { "predicate": { "custom_model_data": 16660050 }, "model": "dawn:block/silver_forge_table_show"},
    { "predicate": { "custom_model_data": 16660051 }, "model": "dawn:block/golden_forge_table"},
    { "predicate": { "custom_model_data": 16660052 }, "model": "dawn:block/golden_forge_table_show"},
    { "predicate": { "custom_model_data": 16660053 }, "model": "dawn:block/iron_forge_table"},
    { "predicate": { "custom_model_data": 16660054 }, "model": "dawn:block/iron_forge_table_show"},
    { "predicate": { "custom_model_data": 16660055 }, "model": "dawn:block/ancient_metal_forge_table"},
    { "predicate": { "custom_model_data": 16660056 }, "model": "dawn:block/ancient_metal_forge_table_show"},
    { "predicate": { "custom_model_data": 16660057 }, "model": "dawn:block/mithril_forge_table"},
    { "predicate": { "custom_model_data": 16660058 }, "model": "dawn:block/mithril_forge_table_show"},
    { "predicate": { "custom_model_data": 16660059 }, "model": "dawn:block/adamatium_forge_table"},
    { "predicate": { "custom_model_data": 16660060 }, "model": "dawn:block/adamatium_forge_table_show"},

    { "predicate": { "custom_model_data": 16660061 }, "model": "block/blast_furnace"},
    { "predicate": { "custom_model_data": 16660062 }, "model": "block/smoker"},
    
    { "predicate": { "custom_model_data": 16660063 }, "model": "dawn:block/emerald_enchanting_table"},
    { "predicate": { "custom_model_data": 16660064 }, "model": "dawn:block/emerald_enchanting_table_show"},
    { "predicate": { "custom_model_data": 16660065 }, "model": "dawn:block/mithril_enchanting_table"},
    { "predicate": { "custom_model_data": 16660066 }, "model": "dawn:block/mithril_enchanting_table_show"},
    
    { "predicate": { "custom_model_data": 16660067 }, "model": "dawn:block/vibranium_crafting_table"},
    { "predicate": { "custom_model_data": 16660068 }, "model": "dawn:block/vibranium_crafting_table_show"},
    { "predicate": { "custom_model_data": 16660069 }, "model": "dawn:block/vibranium_forge_table"},
    { "predicate": { "custom_model_data": 16660070 }, "model": "dawn:block/vibranium_forge_table_show"}

  ]
}