{
  "parent": "minecraft:item/handheld",
  "textures": {
    "layer0": "dawn:item/adamantium_axe"
  },
	"overrides": [
    { "predicate": { "custom_model_data": 16660691 }, "model": "dawn:item/adamantium_battle_axe"},
    { "predicate": { "custom_model_data": 16660692 }, "model": "dawn:item/adamantium_hatchet"},
    
    { "predicate": { "custom_model_data": 16660750 }, "model": "dawn:item/vibranium_axe"},
    { "predicate": { "custom_model_data": 16660751 }, "model": "dawn:item/vibranium_battle_axe"},
    { "predicate": { "custom_model_data": 16660752 }, "model": "dawn:item/vibranium_hatchet"}
  ]
}