{
  "parent": "minecraft:item/handheld",
  "textures": {
    "layer0": "dawn:item/copper_axe"
  },
	"overrides": [
		{ "predicate": { "custom_model_data": 16660610 }, "model": "dawn:item/obsidian_axe"},
    { "predicate": { "custom_model_data": 16660611 }, "model": "dawn:item/obsidian_hatchet"},
    { "predicate": { "custom_model_data": 16660621 }, "model": "dawn:item/copper_battle_axe"},
    { "predicate": { "custom_model_data": 16660622 }, "model": "dawn:item/copper_hatchet"},
    { "predicate": { "custom_model_data": 16660630 }, "model": "dawn:item/silver_axe"},
    { "predicate": { "custom_model_data": 16660631 }, "model": "dawn:item/silver_battle_axe"},
    { "predicate": { "custom_model_data": 16660632 }, "model": "dawn:item/silver_hatchet"},

    { "predicate": { "custom_model_data": 16660650 }, "model": "dawn:item/rusted_iron_axe"},
    { "predicate": { "custom_model_data": 16660651 }, "model": "dawn:item/rusted_iron_battle_axe"},
    { "predicate": { "custom_model_data": 16660652 }, "model": "dawn:item/rusted_iron_hatchet"}
  ]
}