{
  "parent": "minecraft:item/handheld",
  "textures": {
    "layer0": "dawn:item/copper_sword"
  },
	"overrides": [
    { "predicate": { "custom_model_data": 16660612 }, "model": "dawn:item/obsidian_knife"},
    { "predicate": { "custom_model_data": 16660624 }, "model": "dawn:item/copper_knife"},
    { "predicate": { "custom_model_data": 16660634 }, "model": "dawn:item/silver_knife"},
    { "predicate": { "custom_model_data": 16660638 }, "model": "dawn:item/silver_sword"},
    
    { "predicate": { "custom_model_data": 16660654 }, "model": "dawn:item/rusted_iron_knife"},
    { "predicate": { "custom_model_data": 16660658 }, "model": "dawn:item/rusted_iron_sword"}
  ]
}