{
  "parent": "minecraft:item/handheld",
  "textures": {
    "layer0": "dawn:item/copper_hoe"
  },
	"overrides": [
    { "predicate": { "custom_model_data": 16660625 }, "model": "dawn:item/copper_mattock"},
		{ "predicate": { "custom_model_data": 16660633 }, "model": "dawn:item/silver_hoe"},
    { "predicate": { "custom_model_data": 16660635 }, "model": "dawn:item/silver_mattock"},
    
    { "predicate": { "custom_model_data": 16660653 }, "model": "dawn:item/rusted_iron_hoe"},
    { "predicate": { "custom_model_data": 16660655 }, "model": "dawn:item/rusted_iron_mattock"}
  ]
}