{
  "parent": "minecraft:item/handheld",
  "textures": {
    "layer0": "dawn:item/copper_pickaxe"
  },
	"overrides": [
    { "predicate": { "custom_model_data": 16660629 }, "model": "dawn:item/copper_war_hammer"},
		{ "predicate": { "custom_model_data": 16660636 }, "model": "dawn:item/silver_pickaxe"},
    { "predicate": { "custom_model_data": 16660639 }, "model": "dawn:item/silver_war_hammer"},
    
    { "predicate": { "custom_model_data": 16660656 }, "model": "dawn:item/rusted_iron_pickaxe"},
    { "predicate": { "custom_model_data": 16660659 }, "model": "dawn:item/rusted_iron_war_hammer"}
  ]
}