{
    "parent": "item/generated",
    "textures": {
        "layer0": "item/tipped_arrow_head",
        "layer1": "item/tipped_arrow_base"
    },
	"overrides": [
    { "predicate": { "custom_model_data": 16660580 }, "model": "dawn:item/golden_arrow"},
    { "predicate": { "custom_model_data": 16660581 }, "model": "dawn:item/copper_arrow"},
    { "predicate": { "custom_model_data": 16660582 }, "model": "dawn:item/silver_arrow"},
    { "predicate": { "custom_model_data": 16660583 }, "model": "dawn:item/rusted_iron_arrow"},
    { "predicate": { "custom_model_data": 16660584 }, "model": "dawn:item/iron_arrow"},
    { "predicate": { "custom_model_data": 16660585 }, "model": "dawn:item/ancient_metal_arrow"},
    { "predicate": { "custom_model_data": 16660586 }, "model": "dawn:item/emerald_arrow"},
    { "predicate": { "custom_model_data": 16660587 }, "model": "dawn:item/mithril_arrow"},
    { "predicate": { "custom_model_data": 16660588 }, "model": "dawn:item/diamond_arrow"},
    { "predicate": { "custom_model_data": 16660589 }, "model": "dawn:item/adamantium_arrow"}
  ]
}
