{
  "parent": "minecraft:item/handheld_rod",
  "textures": {
    "layer0": "minecraft:item/warped_fungus_on_a_stick"
  },
  "overrides": [

      { "predicate": { "custom_model_data": 12311761 }, "model": "mj:item/climbing_staff"},
      { "predicate": { "custom_model_data": 12311762 }, "model": "mj:item/echo_staff"},
      { "predicate": { "custom_model_data": 12311763 }, "model": "mj:item/experience_staff"},
      { "predicate": { "custom_model_data": 12311764 }, "model": "mj:item/frost_staff"},
      { "predicate": { "custom_model_data": 12311765 }, "model": "mj:item/magnetic_staff"},
      { "predicate": { "custom_model_data": 12311766 }, "model": "mj:item/natural_staff"},
      { "predicate": { "custom_model_data": 12311767 }, "model": "mj:item/travel_staff"},
      { "predicate": { "custom_model_data": 12311768 }, "model": "mj:item/travel_staff"},
      { "predicate": { "custom_model_data": 12311769 }, "model": "mj:item/travel_staff"},
      { "predicate": { "custom_model_data": 12311770 }, "model": "mj:item/travel_staff"},
      { "predicate": { "custom_model_data": 12311771 }, "model": "mj:item/travel_staff"},
      { "predicate": { "custom_model_data": 12311772 }, "model": "mj:item/travel_staff"},
      { "predicate": { "custom_model_data": 12311773 }, "model": "mj:item/travel_staff"},
      { "predicate": { "custom_model_data": 12311774 }, "model": "mj:item/travel_staff"},
      { "predicate": { "custom_model_data": 12311775 }, "model": "mj:item/travel_staff"},

      { "predicate": { "custom_model_data": 12311776 }, "model": "mj:item/glowing_moon_staff"},
      { "predicate": { "custom_model_data": 12311777 }, "model": "mj:item/land_staff"},
      { "predicate": { "custom_model_data": 12311778 }, "model": "mj:item/pillage_staff"},
      { "predicate": { "custom_model_data": 12311779 }, "model": "mj:item/summon_staff"},
      { "predicate": { "custom_model_data": 12311780 }, "model": "mj:item/travel_staff"},
      { "predicate": { "custom_model_data": 12311781 }, "model": "mj:item/travel_staff"},
      { "predicate": { "custom_model_data": 12311782 }, "model": "mj:item/travel_staff"},
      { "predicate": { "custom_model_data": 12311783 }, "model": "mj:item/travel_staff"},
      { "predicate": { "custom_model_data": 12311784 }, "model": "mj:item/travel_staff"},
      { "predicate": { "custom_model_data": 12311785 }, "model": "mj:item/travel_staff"},
      { "predicate": { "custom_model_data": 12311786 }, "model": "mj:item/travel_staff"},
      { "predicate": { "custom_model_data": 12311787 }, "model": "mj:item/travel_staff"},
      { "predicate": { "custom_model_data": 12311788 }, "model": "mj:item/travel_staff"},
      { "predicate": { "custom_model_data": 12311789 }, "model": "mj:item/travel_staff"},
      { "predicate": { "custom_model_data": 12311790 }, "model": "mj:item/travel_staff"},
      
      { "predicate": { "custom_model_data": 12311791 }, "model": "mj:item/travel_staff"},
      { "predicate": { "custom_model_data": 12311792 }, "model": "mj:item/travel_staff"},
      { "predicate": { "custom_model_data": 12311793 }, "model": "mj:item/travel_staff"},
      { "predicate": { "custom_model_data": 12311794 }, "model": "mj:item/travel_staff"},
      { "predicate": { "custom_model_data": 12311795 }, "model": "mj:item/travel_staff"},
      { "predicate": { "custom_model_data": 12311796 }, "model": "mj:item/travel_staff"},
      { "predicate": { "custom_model_data": 12311797 }, "model": "mj:item/travel_staff"},
      { "predicate": { "custom_model_data": 12311798 }, "model": "mj:item/travel_staff"},
      { "predicate": { "custom_model_data": 12311799 }, "model": "mj:item/travel_staff"},




      
      { "predicate": { "custom_model_data": 16660221 }, "model": "dawn:item/reward_bag"},
      { "predicate": { "custom_model_data": 16660222 }, "model": "dawn:item/reward_bag"},
      { "predicate": { "custom_model_data": 16660223 }, "model": "dawn:item/reward_bag"},
      { "predicate": { "custom_model_data": 16660224 }, "model": "dawn:item/reward_bag"},
      { "predicate": { "custom_model_data": 16660225 }, "model": "dawn:item/reward_bag"},
      { "predicate": { "custom_model_data": 16660226 }, "model": "dawn:item/reward_bag"},
      { "predicate": { "custom_model_data": 16660227 }, "model": "dawn:item/reward_bag"},
      { "predicate": { "custom_model_data": 16660228 }, "model": "dawn:item/reward_bag"},
      { "predicate": { "custom_model_data": 16660229 }, "model": "dawn:item/reward_bag"},
      { "predicate": { "custom_model_data": 16660230 }, "model": "dawn:item/reward_bag"},
      { "predicate": { "custom_model_data": 16660231 }, "model": "dawn:item/reward_bag"},
      
      { "predicate": { "custom_model_data": 16660241 }, "model": "dawn:item/injector_of_insulin"},
      { "predicate": { "custom_model_data": 16660242 }, "model": "dawn:item/injector_of_morphine"},
      { "predicate": { "custom_model_data": 16660243 }, "model": "dawn:item/injector_of_epinephrine"}

      
    ]
}