{
  "parent": "minecraft:item/handheld",
  "textures": {
    "layer0": "minecraft:item/wooden_sword"
  },
	"overrides": [
		{ "predicate": { "custom_model_data": 16660600 }, "model": "dawn:item/wooden_cudgel"},
    { "predicate": { "custom_model_data": 16660602 }, "model": "dawn:item/wooden_club"},
    { "predicate": { "custom_model_data": 16660605 }, "model": "dawn:item/flint_knife"},
    { "predicate": { "custom_model_data": 16660607 }, "model": "dawn:item/flint_sword"},
    { "predicate": { "custom_model_data": 16660609 }, "model": "dawn:item/frost_sword"}
  ]
}