{
    "mobs.step.step": {
        "subtitle": "subtitles.block.generic.footsteps",
        "sounds": [
            "step/step"
        ]
    },
    "mobs.step.gravel": {
        "subtitle": "subtitles.block.generic.footsteps",
        "sounds": [
            "step/gravel1",
            "step/gravel2",
            "step/gravel3",
            "step/gravel4"
        ]
    },
    "mobs.step.sand": {
        "subtitle": "subtitles.block.generic.footsteps",
        "sounds": [
            "step/sand1",
            "step/sand2",
            "step/sand3",
            "step/sand4",
            "step/sand5",
            "step/sand6",
            "step/sand7",
            "step/sand8"
        ]
    },
    "mobs.step.wood": {
        "subtitle": "subtitles.block.generic.footsteps",
        "sounds": [
            "step/wood1",
            "step/wood2",
            "step/wood3",
            "step/wood4",
            "step/wood5",
            "step/wood6",
            "step/wood7",
            "step/wood8"
        ]
    },

    "mobs.phase_spider.death": {
        "subtitle": "mobs.phase_spider.death",
        "sounds": [
            "mobs/phase_spider/death"
        ]
    },
    "mobs.phase_spider.hurt": {
        "subtitle": "mobs.phase_spider.hurt",
        "sounds": [
            "mobs/phase_spider/hurt1",
            "mobs/phase_spider/hurt2"
        ]
    },
    "mobs.phase_spider.say": {
        "subtitle": "mobs.phase_spider.say",
        "sounds": [
            "mobs/phase_spider/say1",
            "mobs/phase_spider/say2",
            "mobs/phase_spider/say3"
        ]
    },
    
    "mobs.ghoul.death": {
        "subtitle": "mobs.ghoul.death",
        "sounds": [
            "mobs/ghoul/death"
        ]
    },
    "mobs.ghoul.hurt": {
        "subtitle": "mobs.ghoul.hurt",
        "sounds": [
            "mobs/ghoul/hurt1",
            "mobs/ghoul/hurt2"
      ]
    },
    "mobs.ghoul.say": {
        "subtitle": "mobs.ghoul.say",
        "sounds": [
            "mobs/ghoul/say1",
            "mobs/ghoul/say2"
        ]
    },

    "mobs.hellhound.death": {
        "subtitle": "mobs.hellhound.death",
        "sounds": [
            "mobs/hellhound/death"
        ]
    },
    "mobs.hellhound.hurt": {
        "subtitle": "mobs.hellhound.hurt",
        "sounds": [
            "mobs/hellhound/hurt1",
            "mobs/hellhound/hurt2"
        ]
    },
    "mobs.hellhound.say": {
        "subtitle": "mobs.hellhound.say",
        "sounds": [
            "mobs/hellhound/say1",
            "mobs/hellhound/say2",
            "mobs/hellhound/say3"
        ]
    },

    "mobs.invisiblestalker.death": {
        "subtitle": "mobs.invisiblestalker.death",
        "sounds": [
            "mobs/invisiblestalker/death"
        ]
    },
    "mobs.invisiblestalker.hurt": {
        "subtitle": "mobs.invisiblestalker.hurt",
        "sounds": [
            "mobs/invisiblestalker/hurt1",
            "mobs/invisiblestalker/hurt2"
        ]
    },
    "mobs.invisiblestalker.say": {
        "subtitle": "mobs.invisiblestalker.say",
        "sounds": [
            "mobs/invisiblestalker/say1",
            "mobs/invisiblestalker/say2",
            "mobs/invisiblestalker/say3"
        ]
    },
    
    "mobs.shadow.death": {
        "subtitle": "mobs.shadow.death",
        "sounds": [
            "mobs/shadow/death1",
            "mobs/shadow/death2"
        ]
    },
    "mobs.shadow.hurt": {
        "subtitle": "mobs.shadow.hurt",
        "sounds": [
            "mobs/shadow/hurt1",
            "mobs/shadow/hurt2"
        ]
    },
    "mobs.shadow.say": {
        "subtitle": "mobs.shadow.say",
        "sounds": [
            "mobs/shadow/say1",
            "mobs/shadow/say2",
            "mobs/shadow/say3"
        ]
    },

    "mobs.wight.death": {
        "subtitle": "mobs.wight.death",
        "sounds": [
            "mobs/wight/death"
        ]
    },
    "mobs.wight.hurt": {
        "subtitle": "mobs.wight.hurt",
        "sounds": [
            "mobs/wight/hurt1",
            "mobs/wight/hurt2"
        ]
    },
    "mobs.wight.say": {
        "subtitle": "mobs.wight.say",
        "sounds": [
            "mobs/wight/say1",
            "mobs/wight/say2"
        ]
    },


    "mobs.earth_elemental.death": {
        "subtitle": "mobs.earth_elemental.death",
        "sounds": [
            "mobs/earth_elemental/death"
        ]
    },
    "mobs.earth_elemental.hurt": {
        "subtitle": "mobs.earth_elemental.hurt",
        "sounds": [
            "mobs/earth_elemental/hurt1",
            "mobs/earth_elemental/hurt2",
            "mobs/earth_elemental/hurt3",
            "mobs/earth_elemental/hurt4"
        ]
    }

}