{
  "pools": [
    {
      "rolls": 1,
      "entries": [
        {
          "type": "minecraft:item",
          "name": "minecraft:cookie",
          "functions": [
            {
              "function": "minecraft:set_name",
              "name":{"translate":"item.dawn.cream_of_mushroom_soup","italic":false}
            },
            {
              "function": "minecraft:set_nbt",
              "tag": "{CustomModelData:16660144}"
            }
          ]
        }
      ]
    }
  ]
}