  {
    "pools": [
      {
        "rolls": 1,
        "entries": [
          {
            "type": "minecraft:loot_table",
            "name": "dawn:ancient_book/blast_protection"
          },
          {
            "type": "minecraft:loot_table",
            "name": "dawn:ancient_book/feather_falling"
          },
          {
            "type": "minecraft:loot_table",
            "name": "dawn:ancient_book/fire_protection"
          },
          {
            "type": "minecraft:loot_table",
            "name": "dawn:ancient_book/frost_walker"
          },
          {
            "type": "minecraft:loot_table",
            "name": "dawn:ancient_book/projectile_protection"
          },
          {
            "type": "minecraft:loot_table",
            "name": "dawn:ancient_book/protection"
          },
          {
            "type": "minecraft:loot_table",
            "name": "dawn:ancient_book/respiration"
          },
          {
            "type": "minecraft:loot_table",
            "name": "dawn:ancient_book/soul_speed"
          },
          {
            "type": "minecraft:loot_table",
            "name": "dawn:ancient_book/swift_sneak"
          },
          {
            "type": "minecraft:loot_table",
            "name": "dawn:ancient_book/thorns"
          },
          {
            "type": "minecraft:loot_table",
            "name": "dawn:ancient_book/unbreaking"
          }
        ]
      }
    ]
  }