  {
    "pools": [
      {
        "rolls": 1,
        "entries": [
          {
            "type": "minecraft:item",
            "name": "minecraft:firework_star",
            "functions": [
              {
                "function": "minecraft:set_name",
                "name":{"translate":"item.dawn.ancient_book","italic":false,"color": "yellow"}
              },
              {
                "function": "minecraft:set_lore",
                "lore": [{"text": "弹射物保护 +I","color": "gray","italic": false}]
              },
              {
                "function": "minecraft:set_nbt",
                "tag": "{CustomModelData:16660321,Enchantments:[{}],Tags:[\"dawn.ancient_book\",\"book.projectile_protection\"]}"
              }
            ]
          }
        ]
      }
    ]
  }