{
  "type": "minecraft:block",
  "pools": [
    {
      "bonus_rolls": 0.0,
      "conditions": [
        {
          "condition": "minecraft:survives_explosion"
        }
      ],
      "entries": [
        {
          "type": "minecraft:alternatives",
          "children": [
            {
              "type": "minecraft:item",
              "name": "minecraft:acacia_log",
              "conditions": [
                {
                  "condition": "minecraft:alternative",
                  "terms": [
                    {
                      "condition": "minecraft:match_tool",
                      "predicate": {
                        "enchantments": [
                          {
                            "enchantment": "minecraft:silk_touch",
                            "levels": {
                              "min": 1
                            }
                          }
                        ]
                      }
                    },
                    {
                      "condition": "minecraft:match_tool",
                      "predicate": {
                        "items": [
                          "minecraft:wooden_axe",
                          "minecraft:stone_axe",
                          "minecraft:golden_axe",
                          "minecraft:iron_axe",
                          "minecraft:diamond_axe",
                          "minecraft:netherite_axe"
                        ]
                      }
                    }
                  ]
                }
              ]
            },
            {
              "type": "minecraft:loot_table",
              "name": "dawn:chips/wood_chips",
              "functions": [
                {
                  "function": "minecraft:set_count",
                  "count": {
                    "min": 1,
                    "max": 3
                  }
                }
              ]
            }
          ]
        }
      ],
      "rolls": 1.0
    }
  ]
}