  {
    "pools": [
      {
        "rolls": 1,
        "entries": [
          {
            "type": "minecraft:item",
            "name": "minecraft:potion",
            "functions": [
              {
                "function": "minecraft:set_name",
                "name":{"translate":"item.dawn.bottle_of_disenchanting","italic":false}
              },
              {
                "function": "minecraft:set_nbt",
                "tag": "{Tags:[\"disenchanting\"],HideFlags:32,CustomPotionEffects:[{Id:26,Duration:1,ShowParticles:0,ShowIcon:0}],CustomPotionColor:0}"
              }
            ]
          }
        ]
      }
    ]
  }