  {
    "pools": [
      {
        "rolls": 1,
        "entries": [
          {
            "type": "minecraft:item",
            "name": "minecraft:magma_cream",
            "functions": [
              {
                "function": "minecraft:set_name",
                "name":{"translate":"item.dawn.flame_crystal","italic":false}
              },
              {
                "function": "minecraft:set_nbt",
                "tag": "{CustomModelData:16660118,Tags:[\"dawn.flame_crystal\"]}"
              }
            ]
          }
        ]
      }
    ]
  }