  {
    "pools": [
      {
        "rolls": 1,
        "entries": [
          {
            "type": "minecraft:item",
            "name": "minecraft:firework_star",
            "functions": [
              {
                "function": "minecraft:set_name",
                "name":{"translate":"item.dawn.flexible_cane","italic":false}
              },
              {
                "function": "minecraft:set_nbt",
                "tag": "{CustomModelData:16660119,Tags:[\"dawn.flexible_cane\"]}"
              }
            ]
          }
        ]
      }
    ]
  }