{
    "rewards": {
        "function": "dawn:consume_item/insulin4800"
      },
    "criteria": {
        "glow_berries": {
          "trigger": "minecraft:consume_item",
          "conditions": {
            "item": {
              "items": [
                "minecraft:glow_berries"
              ]
            }
          }
        },
        "honey_bottle": {
          "trigger": "minecraft:consume_item",
          "conditions": {
            "item": {
              "items": [
                "minecraft:honey_bottle"
              ]
            }
          }
        },
        "enchanted_golden_apple": {
          "trigger": "minecraft:consume_item",
          "conditions": {
            "item": {
              "items": [
                "minecraft:enchanted_golden_apple"
              ]
            }
          }
        },
        "golden_apple": {
          "trigger": "minecraft:consume_item",
          "conditions": {
            "item": {
              "items": [
                "minecraft:golden_apple"
              ]
            }
          }
        },
        "apple": {
          "trigger": "minecraft:consume_item",
          "conditions": {
            "item": {
              "items": [
                "minecraft:apple"
              ]
            }
          }
        },
        "beetroot_soup": {
          "trigger": "minecraft:consume_item",
          "conditions": {
            "item": {
              "items": [
                "minecraft:beetroot_soup"
              ]
            }
          }
        },
        "melon_slice": {
          "trigger": "minecraft:consume_item",
          "conditions": {
            "item": {
              "items": [
                "minecraft:melon_slice"
              ]
            }
          }
        },
        "sweet_berries": {
          "trigger": "minecraft:consume_item",
          "conditions": {
            "item": {
              "items": [
                "minecraft:sweet_berries"
              ]
            }
          }
        }
    },
    "requirements": [
        [
            "glow_berries",
            "honey_bottle",
            "enchanted_golden_apple",
            "golden_apple",
            "apple",
            "beetroot_soup",
            "melon_slice",
            "sweet_berries"
        ]
    ]
  }