{
    "rewards": {
        "function": "dawn:consume_item/phytonutrients_24000"
      },
    "criteria": {
        "pumpkin_pie": {
          "trigger": "minecraft:consume_item",
          "conditions": {
            "item": {
              "items": [
                "minecraft:pumpkin_pie"
              ]
            }
          }
        },
        "beetroot_soup": {
          "trigger": "minecraft:consume_item",
          "conditions": {
            "item": {
              "items": [
                "minecraft:beetroot_soup"
              ]
            }
          }
        }
    },
    "requirements": [
        [
            "pumpkin_pie",
            "beetroot_soup"
        ]
    ]
}