{
    "rewards": {
        "function": "dawn:consume_item/phytonutrients_8000"
      },
    "criteria": {
        "rabbit_stew": {
          "trigger": "minecraft:consume_item",
          "conditions": {
            "item": {
              "items": [
                "minecraft:rabbit_stew"
              ]
            }
          }
        },
        "glow_berries": {
          "trigger": "minecraft:consume_item",
          "conditions": {
            "item": {
              "items": [
                "minecraft:glow_berries"
              ]
            }
          }
        },
        "enchanted_golden_apple": {
          "trigger": "minecraft:consume_item",
          "conditions": {
            "item": {
              "items": [
                "minecraft:enchanted_golden_apple"
              ]
            }
          }
        },
        "golden_apple": {
          "trigger": "minecraft:consume_item",
          "conditions": {
            "item": {
              "items": [
                "minecraft:golden_apple"
              ]
            }
          }
        },
        "apple": {
          "trigger": "minecraft:consume_item",
          "conditions": {
            "item": {
              "items": [
                "minecraft:apple"
              ]
            }
          }
        },
        "sweet_berries": {
          "trigger": "minecraft:consume_item",
          "conditions": {
            "item": {
              "items": [
                "minecraft:sweet_berries"
              ]
            }
          }
        },
        "melon_slice": {
          "trigger": "minecraft:consume_item",
          "conditions": {
            "item": {
              "items": [
                "minecraft:melon_slice"
              ]
            }
          }
        },
        "chorus_fruit": {
          "trigger": "minecraft:consume_item",
          "conditions": {
            "item": {
              "items": [
                "minecraft:chorus_fruit"
              ]
            }
          }
        }
    },
    "requirements": [
        [
            "rabbit_stew",
            "glow_berries",
            "enchanted_golden_apple",
            "golden_apple",
            "apple",
            "sweet_berries",
            "melon_slice",
            "chorus_fruit"
        ]
    ]
}