{
    "rewards": {
        "function": "dawn:consume_item/phytonutrients_4000"
      },
    "criteria": {
        "dried_kelp": {
          "trigger": "minecraft:consume_item",
          "conditions": {
            "item": {
              "items": [
                "minecraft:dried_kelp"
              ]
            }
          }
        },
        "beetroot": {
          "trigger": "minecraft:consume_item",
          "conditions": {
            "item": {
              "items": [
                "minecraft:beetroot"
              ]
            }
          }
        }
    },
    "requirements": [
        [
            "dried_kelp",
            "beetroot"
        ]
    ]
}