{
    "rewards": {
        "function": "dawn:consume_item/phytonutrients_16000"
      },
    "criteria": {
        "carrot": {
          "trigger": "minecraft:consume_item",
          "conditions": {
            "item": {
              "items": [
                "minecraft:carrot"
              ]
            }
          }
        },
        "golden_carrot": {
          "trigger": "minecraft:consume_item",
          "conditions": {
            "item": {
              "items": [
                "minecraft:golden_carrot"
              ]
            }
          }
        }
    },
    "requirements": [
        [
            "carrot",
            "golden_carrot"
        ]
    ]
}