{
  "rewards": {
      "function": "dawn:consume_item/protein_24000"
    },
  "criteria": {
      "pumpkin_pie": {
        "trigger": "minecraft:consume_item",
        "conditions": {
          "item": {
            "items": [
              "minecraft:pumpkin_pie"
            ]
          }
        }
      },
      "pufferfish": {
        "trigger": "minecraft:consume_item",
        "conditions": {
          "item": {
            "items": [
              "minecraft:pufferfish"
            ]
          }
        }
      },
      "tropical_fish": {
        "trigger": "minecraft:consume_item",
        "conditions": {
          "item": {
            "items": [
              "minecraft:tropical_fish"
            ]
          }
        }
      },
      "salmon": {
        "trigger": "minecraft:consume_item",
        "conditions": {
          "item": {
            "items": [
              "minecraft:salmon"
            ]
          }
        }
      },
      "chicken": {
        "trigger": "minecraft:consume_item",
        "conditions": {
          "item": {
            "items": [
              "minecraft:chicken"
            ]
          }
        }
      },
      "rabbit": {
        "trigger": "minecraft:consume_item",
        "conditions": {
          "item": {
            "items": [
              "minecraft:rabbit"
            ]
          }
        }
      },
      "cod": {
        "trigger": "minecraft:consume_item",
        "conditions": {
          "item": {
            "items": [
              "minecraft:cod"
            ]
          }
        }
      },
      "mutton": {
        "trigger": "minecraft:consume_item",
        "conditions": {
          "item": {
            "items": [
              "minecraft:mutton"
            ]
          }
        }
      }
  },
  "requirements": [
      [
          "pumpkin_pie",
          "pufferfish",
          "tropical_fish",
          "salmon",
          "chicken",
          "rabbit",
          "cod",
          "mutton"
      ]
  ]
}