{
    "rewards": {
        "function": "dawn:consume_item/protein_48000"
      },
    "criteria": {
        "rabbit_stew": {
          "trigger": "minecraft:consume_item",
          "conditions": {
            "item": {
              "items": [
                "minecraft:rabbit_stew"
              ]
            }
          }
        },
        "cooked_salmon": {
          "trigger": "minecraft:consume_item",
          "conditions": {
            "item": {
              "items": [
                "minecraft:cooked_salmon"
              ]
            }
          }
        },
        "cooked_chicken": {
          "trigger": "minecraft:consume_item",
          "conditions": {
            "item": {
              "items": [
                "minecraft:cooked_chicken"
              ]
            }
          }
        },
        "cooked_rabbit": {
          "trigger": "minecraft:consume_item",
          "conditions": {
            "item": {
              "items": [
                "minecraft:cooked_rabbit"
              ]
            }
          }
        },
        "cooked_cod": {
          "trigger": "minecraft:consume_item",
          "conditions": {
            "item": {
              "items": [
                "minecraft:cooked_cod"
              ]
            }
          }
        },
        "cooked_mutton": {
          "trigger": "minecraft:consume_item",
          "conditions": {
            "item": {
              "items": [
                "minecraft:cooked_mutton"
              ]
            }
          }
        }
    },
    "requirements": [
        [
            "rabbit_stew",
            "cooked_salmon",
            "cooked_chicken",
            "cooked_rabbit",
            "cooked_cod",
            "cooked_mutton"
        ]
    ]
}