{
    "rewards": {
        "function": "dawn:consume_item/protein_8000"
      },
    "criteria": {
        "rotten_flesh": {
          "trigger": "minecraft:consume_item",
          "conditions": {
            "item": {
              "items": [
                "minecraft:rotten_flesh"
              ]
            }
          }
        },
        "spider_eye": {
          "trigger": "minecraft:consume_item",
          "conditions": {
            "item": {
              "items": [
                "minecraft:spider_eye"
              ]
            }
          }
        }
    },
    "requirements": [
        [
            "rotten_flesh",
            "spider_eye"
        ]
    ]
}