{
  "pools": [
    {
      "rolls": 1,
      "entries": [
        {
          "type": "minecraft:loot_table",
          "name": "dawn:armor/leather/leather_helmet",
          "weight": 4
        },
        {
          "type": "minecraft:loot_table",
          "name": "dawn:armor/rusted_iron/rusted_iron_helmet",
          "weight": 4
        },
        {
          "type": "minecraft:loot_table",
          "name": "dawn:armor/golden/golden_helmet",
          "weight": 3
        },
        {
          "type": "minecraft:loot_table",
          "name": "dawn:armor/copper/copper_helmet",
          "weight": 3
        },
        {
          "type": "minecraft:loot_table",
          "name": "dawn:armor/guard/guard_helmet",
          "weight": 2
        },
        {
          "type": "minecraft:loot_table",
          "name": "dawn:armor/iron/iron_helmet",
          "weight": 2
        },
        {
          "type": "minecraft:loot_table",
          "name": "dawn:armor/frost/frost_helmet",
          "weight": 1
        },
        {
          "type": "minecraft:loot_table",
          "name": "dawn:armor/silver/silver_helmet",
          "weight": 1
        }
      ]
    }
  ]
}