  {
    "pools": [
      {
        "rolls": 1,
        "entries": [
          {
            "type": "minecraft:item",
            "name": "minecraft:firework_star",
            "functions": [
              {
                "function": "minecraft:set_name",
                "name":{"translate":"item.dawn.diamond_chips","italic":false}
              },
              {
                "function": "minecraft:set_nbt",
                "tag": "{CustomModelData:16660107,Tags:[\"dawn.diamond_chips\"]}"
              },
              {
                "function": "set_count",
                "count": 9
              }
            ]
          }
        ]
      }
    ]
  }