  {
    "pools": [
      {
        "rolls": 1,
        "entries": [
          {
            "type": "minecraft:item",
            "name": "minecraft:light_gray_dye",
            "functions": [
              {
                "function": "minecraft:set_name",
                "name":{"translate":"item.dawn.flint_chips","italic":false}
              },
              {
                "function": "minecraft:set_nbt",
                "tag": "{CustomModelData:16660105,Tags:[\"dawn.flint_chips\"]}"
              }
            ]
          }
        ]
      }
    ]
  }